item,npm
http://www.wikidata.org/entity/Q95961950,hsla-regex
http://www.wikidata.org/entity/Q95959149,htmlparser2
http://www.wikidata.org/entity/Q95960918,http-deceiver
http://www.wikidata.org/entity/Q95960919,http-deceiver
http://www.wikidata.org/entity/Q95960341,iconv-lite
http://www.wikidata.org/entity/Q95954913,import-lazy
http://www.wikidata.org/entity/Q95961166,internal-ip
http://www.wikidata.org/entity/Q95960834,ip
http://www.wikidata.org/entity/Q95954125,is-alphabetical
http://www.wikidata.org/entity/Q95961669,is-ci
http://www.wikidata.org/entity/Q95961853,is-empty
http://www.wikidata.org/entity/Q95957383,is-extendable
http://www.wikidata.org/entity/Q95954105,is-jpg
http://www.wikidata.org/entity/Q95956488,is-number
http://www.wikidata.org/entity/Q95956674,is-png
http://www.wikidata.org/entity/Q95959912,is-relative
http://www.wikidata.org/entity/Q95953492,is-relative-url
http://www.wikidata.org/entity/Q95961599,is-set
http://www.wikidata.org/entity/Q95961495,is-ssh
http://www.wikidata.org/entity/Q95955454,isexe
http://www.wikidata.org/entity/Q95955485,isstream
http://www.wikidata.org/entity/Q95961080,iterall
http://www.wikidata.org/entity/Q95959370,json-loader
http://www.wikidata.org/entity/Q95960909,lodash.throttle
http://www.wikidata.org/entity/Q95961944,lower-case
http://www.wikidata.org/entity/Q95955654,md5-file
http://www.wikidata.org/entity/Q95956401,mdast-util-to-nlcst
http://www.wikidata.org/entity/Q95955147,mdn-data
http://www.wikidata.org/entity/Q95960538,memory-fs
http://www.wikidata.org/entity/Q95961533,methods
http://www.wikidata.org/entity/Q95953600,next-tick
http://www.wikidata.org/entity/Q95953551,nlcst-to-string
http://www.wikidata.org/entity/Q95955062,normalize-path
http://www.wikidata.org/entity/Q95953496,object-assign
http://www.wikidata.org/entity/Q95955237,object-inspect
http://www.wikidata.org/entity/Q95959563,on-headers
http://www.wikidata.org/entity/Q95956139,p-event
http://www.wikidata.org/entity/Q95954898,p-map-series
http://www.wikidata.org/entity/Q95957271,p-pipe
http://www.wikidata.org/entity/Q95962963,p-queue
http://www.wikidata.org/entity/Q95959028,parse-bmfont-binary
http://www.wikidata.org/entity/Q95953615,path-exists
http://www.wikidata.org/entity/Q95954902,path-key
http://www.wikidata.org/entity/Q95959764,pnp-webpack-plugin
http://www.wikidata.org/entity/Q95957615,proper-lockfile
http://www.wikidata.org/entity/Q95960369,property-expr
http://www.wikidata.org/entity/Q95961310,randombytes
http://www.wikidata.org/entity/Q95961626,raw-body
http://www.wikidata.org/entity/Q95953490,react-icons
http://www.wikidata.org/entity/Q95958062,react-redux
http://www.wikidata.org/entity/Q95960087,react-refresh
http://www.wikidata.org/entity/Q95958326,readdirp
http://www.wikidata.org/entity/Q95953478,resolve-from
http://www.wikidata.org/entity/Q95961001,run-async
http://www.wikidata.org/entity/Q95961420,rxjs
http://www.wikidata.org/entity/Q95954849,sax
http://www.wikidata.org/entity/Q95961471,semver-diff
http://www.wikidata.org/entity/Q95961557,serve-index
http://www.wikidata.org/entity/Q95953305,shallowequal
http://www.wikidata.org/entity/Q95954166,signal-exit
http://www.wikidata.org/entity/Q95958672,split-on-first
http://www.wikidata.org/entity/Q95956466,srcset
http://www.wikidata.org/entity/Q95960526,statuses
http://www.wikidata.org/entity/Q95955142,strip-final-newline
http://www.wikidata.org/entity/Q95955176,style-to-object
http://www.wikidata.org/entity/Q95961401,symbol-observable
http://www.wikidata.org/entity/Q95959257,tar-stream
http://www.wikidata.org/entity/Q95961260,thunky
http://www.wikidata.org/entity/Q95960300,toposort
http://www.wikidata.org/entity/Q95959674,ts-pnp
http://www.wikidata.org/entity/Q95953311,tslib
http://www.wikidata.org/entity/Q95961161,tsutils
http://www.wikidata.org/entity/Q95953542,universalify
http://www.wikidata.org/entity/Q95954280,unquote
http://www.wikidata.org/entity/Q95954169,uuid
http://www.wikidata.org/entity/Q95961767,websocket-extensions
http://www.wikidata.org/entity/Q95961965,which-collection
http://www.wikidata.org/entity/Q95956886,with-open-file
http://www.wikidata.org/entity/Q95955489,xstate
http://www.wikidata.org/entity/Q95954124,xtend
http://www.wikidata.org/entity/Q95953637,yaml
http://www.wikidata.org/entity/Q95965276,yoga-layout-prebuilt
http://www.wikidata.org/entity/Q95962505,yup
http://www.wikidata.org/entity/Q95970312,@babel/helper-define-map
http://www.wikidata.org/entity/Q95970303,@babel/plugin-transform-for-of
http://www.wikidata.org/entity/Q95968769,@emotion/memoize
http://www.wikidata.org/entity/Q95969668,@emotion/serialize
http://www.wikidata.org/entity/Q95972426,@graphql-toolkit/url-loader
http://www.wikidata.org/entity/Q95970447,@reach/router
http://www.wikidata.org/entity/Q95970691,@styled-system/color
http://www.wikidata.org/entity/Q95970206,@styled-system/css
http://www.wikidata.org/entity/Q95970753,@styled-system/typography
http://www.wikidata.org/entity/Q95968598,@types/http-cache-semantics
http://www.wikidata.org/entity/Q95970050,@types/lodash.sample
http://www.wikidata.org/entity/Q95969562,@types/node
http://www.wikidata.org/entity/Q95971305,@typescript-eslint/experimental-utils
http://www.wikidata.org/entity/Q95968988,babel-plugin-syntax-jsx
http://www.wikidata.org/entity/Q95968718,cliui
http://www.wikidata.org/entity/Q95972640,css-selector-parser
http://www.wikidata.org/entity/Q95971869,cssnano
http://www.wikidata.org/entity/Q95972667,@tinacms/form-builder
http://www.wikidata.org/entity/Q95972659,@tinacms/styles
http://www.wikidata.org/entity/Q95954093,@tokenizer/token
http://www.wikidata.org/entity/Q95968664,@types/anymatch
http://www.wikidata.org/entity/Q95968634,@types/events
http://www.wikidata.org/entity/Q95968799,@types/tmp
http://www.wikidata.org/entity/Q95970221,@types/websocket
http://www.wikidata.org/entity/Q95959274,address
http://www.wikidata.org/entity/Q95960993,after
http://www.wikidata.org/entity/Q95960464,ansi-escapes
http://www.wikidata.org/entity/Q95955772,argparse
http://www.wikidata.org/entity/Q95972642,argv
http://www.wikidata.org/entity/Q95959742,ast-types-flow
http://www.wikidata.org/entity/Q95956457,atob
http://www.wikidata.org/entity/Q95969904,babel-messages
http://www.wikidata.org/entity/Q95959431,babel-plugin-dynamic-import-node
http://www.wikidata.org/entity/Q95968906,babel-plugin-macros
http://www.wikidata.org/entity/Q95970515,babel-plugin-remove-graphql-queries
http://www.wikidata.org/entity/Q95969596,babel-preset-gatsby
http://www.wikidata.org/entity/Q95970570,babel-traverse
http://www.wikidata.org/entity/Q95971377,buble-jsx-only
http://www.wikidata.org/entity/Q95953663,buffer-crc32
http://www.wikidata.org/entity/Q95956877,camelcase-keys
http://www.wikidata.org/entity/Q95965271,char-regex
http://www.wikidata.org/entity/Q95954098,ci-info
http://www.wikidata.org/entity/Q95961247,cli-boxes
http://www.wikidata.org/entity/Q95959718,command-exists
http://www.wikidata.org/entity/Q95971303,css-select
http://www.wikidata.org/entity/Q95971863,cssnano-preset-default
http://www.wikidata.org/entity/Q95962419,csso
http://www.wikidata.org/entity/Q95961651,currently-unhandled
http://www.wikidata.org/entity/Q95955609,delayed-stream
http://www.wikidata.org/entity/Q95956574,detab
http://www.wikidata.org/entity/Q95961547,diff-sequences
http://www.wikidata.org/entity/Q95961240,dns-equal
http://www.wikidata.org/entity/Q95959435,dotenv
http://www.wikidata.org/entity/Q95971808,es6-symbol
http://www.wikidata.org/entity/Q95961079,estraverse
http://www.wikidata.org/entity/Q95955170,final-form
http://www.wikidata.org/entity/Q95953581,find-root
http://www.wikidata.org/entity/Q95953664,fs-constants
http://www.wikidata.org/entity/Q95972442,gatsby-recipes
http://www.wikidata.org/entity/Q95969555,gatsby-telemetry
http://www.wikidata.org/entity/Q95961666,global-dirs
http://www.wikidata.org/entity/Q95961094,global-modules
http://www.wikidata.org/entity/Q95960926,graphql-compose
http://www.wikidata.org/entity/Q95972433,graphql-config
http://www.wikidata.org/entity/Q95961833,graphql-subscriptions
http://www.wikidata.org/entity/Q95959691,has-cors
http://www.wikidata.org/entity/Q95954953,has-symbols
http://www.wikidata.org/entity/Q95960516,has-yarn
http://www.wikidata.org/entity/Q95961128,hex2rgba
http://www.wikidata.org/entity/Q95962331,highlight.js
http://www.wikidata.org/entity/Q95961920,hsl-regex
http://www.wikidata.org/entity/Q95968495,html-entities
http://www.wikidata.org/entity/Q95954893,human-signals
http://www.wikidata.org/entity/Q95954302,ieee754
http://www.wikidata.org/entity/Q95960865,ignore
http://www.wikidata.org/entity/Q95960917,import-from
http://www.wikidata.org/entity/Q95969757,ink-link
http://www.wikidata.org/entity/Q95956612,is-binary-path
http://www.wikidata.org/entity/Q95955214,is-callable
http://www.wikidata.org/entity/Q95954911,is-extglob
http://www.wikidata.org/entity/Q95961593,is-npm
http://www.wikidata.org/entity/Q95954889,is-typedarray
http://www.wikidata.org/entity/Q95961594,is-weakmap
http://www.wikidata.org/entity/Q95960313,json3
http://www.wikidata.org/entity/Q95953588,json5
http://www.wikidata.org/entity/Q95971567,jsx-ast-utils
http://www.wikidata.org/entity/Q95961709,koa-compress
http://www.wikidata.org/entity/Q95961044,leven
http://www.wikidata.org/entity/Q95961885,lodash.isequal
http://www.wikidata.org/entity/Q95956271,longest-streak
http://www.wikidata.org/entity/Q95958602,lru-cache
http://www.wikidata.org/entity/Q95953552,map-obj
http://www.wikidata.org/entity/Q95955585,media-typer
http://www.wikidata.org/entity/Q95954257,napi-build-utils
http://www.wikidata.org/entity/Q95971391,node-int64
http://www.wikidata.org/entity/Q95954171,node-object-hash
http://www.wikidata.org/entity/Q95960588,opn
http://www.wikidata.org/entity/Q95955691,p-cancelable
http://www.wikidata.org/entity/Q95962762,parse-english
http://www.wikidata.org/entity/Q95959719,parseuri
http://www.wikidata.org/entity/Q95961652,path-to-regexp
http://www.wikidata.org/entity/Q95961100,pixelmatch
http://www.wikidata.org/entity/Q95961022,pkg-dir
http://www.wikidata.org/entity/Q95969670,postcss-minify-font-values
http://www.wikidata.org/entity/Q95969550,postcss-modules-extract-imports
http://www.wikidata.org/entity/Q95969896,postcss-modules-values
http://www.wikidata.org/entity/Q95969622,postcss-normalize-whitespace
http://www.wikidata.org/entity/Q95968522,raw-loader
http://www.wikidata.org/entity/Q95962339,react-datetime
http://www.wikidata.org/entity/Q95953482,react-fast-compare
http://www.wikidata.org/entity/Q95958774,react-final-form
http://www.wikidata.org/entity/Q95970590,react-style-singleton
http://www.wikidata.org/entity/Q95970730,remark-stringify
http://www.wikidata.org/entity/Q95958901,responselike
http://www.wikidata.org/entity/Q95961397,restore-cursor
http://www.wikidata.org/entity/Q95957530,run-parallel
http://www.wikidata.org/entity/Q95955665,semver-regex
http://www.wikidata.org/entity/Q95971804,d
http://www.wikidata.org/entity/Q95971399,ext
http://www.wikidata.org/entity/Q95970165,got
http://www.wikidata.org/entity/Q95961974,he
http://www.wikidata.org/entity/Q95954927,ms
http://www.wikidata.org/entity/Q95953602,nan
http://www.wikidata.org/entity/Q95960126,st
http://www.wikidata.org/entity/Q8052438,yo
http://www.wikidata.org/entity/Q58423879,sigma
http://www.wikidata.org/entity/Q63565848,reason
http://www.wikidata.org/entity/Q95968896,trim
http://www.wikidata.org/entity/Q95955197,xml
http://www.wikidata.org/entity/Q7067518,npm
http://www.wikidata.org/entity/Q95961322,read
http://www.wikidata.org/entity/Q113258090,lit
http://www.wikidata.org/entity/Q95959962,md5
http://www.wikidata.org/entity/Q95958123,q
http://www.wikidata.org/entity/Q95961041,ssri
http://www.wikidata.org/entity/Q95955152,cors
http://www.wikidata.org/entity/Q95955903,mime
http://www.wikidata.org/entity/Q1106819,coffeescript
http://www.wikidata.org/entity/Q95962089,colors
http://www.wikidata.org/entity/Q2089685,jsdoc
http://www.wikidata.org/entity/Q95960515,case
http://www.wikidata.org/entity/Q113480979,zod
http://www.wikidata.org/entity/Q95954207,psl
http://www.wikidata.org/entity/Q95960485,warning
http://www.wikidata.org/entity/Q95955010,arch
http://www.wikidata.org/entity/Q95959082,are-we-there-yet
http://www.wikidata.org/entity/Q95959129,bl
http://www.wikidata.org/entity/Q95955449,has
http://www.wikidata.org/entity/Q7265613,qunit
http://www.wikidata.org/entity/Q95968722,url
http://www.wikidata.org/entity/Q95961120,original
http://www.wikidata.org/entity/Q95972670,retext
http://www.wikidata.org/entity/Q95961538,acorn
http://www.wikidata.org/entity/Q95958298,buffer
http://www.wikidata.org/entity/Q95961592,escape-goat
http://www.wikidata.org/entity/Q95959373,mitt
http://www.wikidata.org/entity/Q95960356,babylon
http://www.wikidata.org/entity/Q18205548,biojs
http://www.wikidata.org/entity/Q24576808,grunt
http://www.wikidata.org/entity/Q95957372,ow
http://www.wikidata.org/entity/Q61940104,koa
http://www.wikidata.org/entity/Q95953651,plist
http://www.wikidata.org/entity/Q56062435,next
http://www.wikidata.org/entity/Q61940611,vuex
http://www.wikidata.org/entity/Q95971736,coa
http://www.wikidata.org/entity/Q95957142,commander
http://www.wikidata.org/entity/Q95959487,flat
http://www.wikidata.org/entity/Q59555213,p5
http://www.wikidata.org/entity/Q3011087,d3
http://www.wikidata.org/entity/Q95972677,not
http://www.wikidata.org/entity/Q95954282,@babel/helper-module-imports
http://www.wikidata.org/entity/Q95961542,@babel/helper-optimise-call-expression
http://www.wikidata.org/entity/Q95964125,@babel/plugin-transform-property-literals
http://www.wikidata.org/entity/Q95961927,@babel/plugin-transform-react-jsx
http://www.wikidata.org/entity/Q95964267,@graphql-tools/code-file-loader
http://www.wikidata.org/entity/Q95964679,@graphql-tools/git-loader
http://www.wikidata.org/entity/Q95963375,@graphql-tools/graphql-file-loader
http://www.wikidata.org/entity/Q95963380,@graphql-tools/graphql-tag-pluck
http://www.wikidata.org/entity/Q95963410,@graphql-tools/json-file-loader
http://www.wikidata.org/entity/Q95957550,@tinacms/react-core
http://www.wikidata.org/entity/Q95961913,@wry/equality
http://www.wikidata.org/entity/Q95959429,aggregate-error
http://www.wikidata.org/entity/Q95963695,apollo-upload-client
http://www.wikidata.org/entity/Q95955053,append-field
http://www.wikidata.org/entity/Q95954173,arg
http://www.wikidata.org/entity/Q95961836,arr-rotate
http://www.wikidata.org/entity/Q95954899,assert-plus
http://www.wikidata.org/entity/Q95954242,async
http://www.wikidata.org/entity/Q95959683,async-cache
http://www.wikidata.org/entity/Q95960660,babel-eslint
http://www.wikidata.org/entity/Q95962763,babel-plugin-apply-mdx-type-prop
http://www.wikidata.org/entity/Q95957285,bcrypt-pbkdf
http://www.wikidata.org/entity/Q95955039,better-queue-memory
http://www.wikidata.org/entity/Q95960996,buffer-indexof
http://www.wikidata.org/entity/Q95955136,caseless
http://www.wikidata.org/entity/Q95965284,chalk
http://www.wikidata.org/entity/Q95954962,chownr
http://www.wikidata.org/entity/Q95959376,clean-stack
http://www.wikidata.org/entity/Q95961439,cli-cursor
http://www.wikidata.org/entity/Q95961171,cli-spinners
http://www.wikidata.org/entity/Q95959754,component-emitter
http://www.wikidata.org/entity/Q95960338,confusing-browser-globals
http://www.wikidata.org/entity/Q95960907,contains-path
http://www.wikidata.org/entity/Q95955542,content-disposition
http://www.wikidata.org/entity/Q95955194,core-util-is
http://www.wikidata.org/entity/Q95960120,date-fns
http://www.wikidata.org/entity/Q95960487,detect-indent
http://www.wikidata.org/entity/Q95959438,detect-port
http://www.wikidata.org/entity/Q95954133,ee-first
http://www.wikidata.org/entity/Q95960527,errno
http://www.wikidata.org/entity/Q95961386,esrecurse
http://www.wikidata.org/entity/Q95960537,esutils
http://www.wikidata.org/entity/Q95960128,eventemitter3
http://www.wikidata.org/entity/Q95956632,get-stream
http://www.wikidata.org/entity/Q95960894,gud
http://www.wikidata.org/entity/Q95955575,har-schema
http://www.wikidata.org/entity/Q95959852,has-binary2
http://www.wikidata.org/entity/Q95965289,slice-ansi
http://www.wikidata.org/entity/Q95963795,sourcemap-codec
http://www.wikidata.org/entity/Q95964525,spdy
http://www.wikidata.org/entity/Q95956643,string_decoder
http://www.wikidata.org/entity/Q95965275,string-length
http://www.wikidata.org/entity/Q95971274,string.prototype.trimstart
http://www.wikidata.org/entity/Q95955611,strip-ansi
http://www.wikidata.org/entity/Q95955990,strip-dirs
http://www.wikidata.org/entity/Q95960275,synchronous-promise
http://www.wikidata.org/entity/Q95961648,tar
http://www.wikidata.org/entity/Q95962786,tar-fs
http://www.wikidata.org/entity/Q95960138,through2
http://www.wikidata.org/entity/Q95956267,token-types
http://www.wikidata.org/entity/Q95958064,tough-cookie
http://www.wikidata.org/entity/Q95954225,trim-lines
http://www.wikidata.org/entity/Q95954136,trough
http://www.wikidata.org/entity/Q95956475,ts-essentials
http://www.wikidata.org/entity/Q95954842,unist-builder
http://www.wikidata.org/entity/Q95955177,unist-util-visit-children
http://www.wikidata.org/entity/Q95969560,url-loader
http://www.wikidata.org/entity/Q95960949,url-parse
http://www.wikidata.org/entity/Q95954106,util-deprecate
http://www.wikidata.org/entity/Q95971302,util.promisify
http://www.wikidata.org/entity/Q95958203,utils-extend
http://www.wikidata.org/entity/Q95970213,vfile-message
http://www.wikidata.org/entity/Q95959580,webpack-merge
http://www.wikidata.org/entity/Q95955971,whatwg-fetch
http://www.wikidata.org/entity/Q95961645,worker-rpc
http://www.wikidata.org/entity/Q95953580,xmlbuilder
http://www.wikidata.org/entity/Q96332819,hexo-cli
http://www.wikidata.org/entity/Q100979615,@11ty/eleventy
http://www.wikidata.org/entity/Q95959536,fd
http://www.wikidata.org/entity/Q3736988,backbone
http://www.wikidata.org/entity/Q230036,jquery
http://www.wikidata.org/entity/Q96276937,element-ui
http://www.wikidata.org/entity/Q95956293,which
http://www.wikidata.org/entity/Q736666,ol
http://www.wikidata.org/entity/Q1100240,knockout
http://www.wikidata.org/entity/Q110961986,mermaid
http://www.wikidata.org/entity/Q95961540,uniq
http://www.wikidata.org/entity/Q95961200,compression
http://www.wikidata.org/entity/Q6161738,jasmine-core
http://www.wikidata.org/entity/Q95972638,oniguruma
http://www.wikidata.org/entity/Q95960502,prr
http://www.wikidata.org/entity/Q16863097,svelte
http://www.wikidata.org/entity/Q16958615,jplayer
http://www.wikidata.org/entity/Q16878131,express
http://www.wikidata.org/entity/Q21072540,jssip
http://www.wikidata.org/entity/Q21463129,@polymer/polymer
http://www.wikidata.org/entity/Q22681965,globalize
http://www.wikidata.org/entity/Q95969935,glob
http://www.wikidata.org/entity/Q34336460,showdown
http://www.wikidata.org/entity/Q56163279,@tensorflow/tfjs
http://www.wikidata.org/entity/Q95959506,crypt
http://www.wikidata.org/entity/Q65121527,jest
http://www.wikidata.org/entity/Q87194660,wikibase-cli
http://www.wikidata.org/entity/Q95968794,@babel/plugin-syntax-dynamic-import
http://www.wikidata.org/entity/Q95964158,@babel/plugin-transform-computed-properties
http://www.wikidata.org/entity/Q95964262,@babel/plugin-transform-object-super
http://www.wikidata.org/entity/Q95968885,@babel/runtime-corejs3
http://www.wikidata.org/entity/Q95972215,@graphql-tools/relay-operation-optimizer
http://www.wikidata.org/entity/Q95957994,@hapi/pinpoint
http://www.wikidata.org/entity/Q95955812,@icons/material
http://www.wikidata.org/entity/Q95970013,@reach/descendants
http://www.wikidata.org/entity/Q95970769,@styled-system/flexbox
http://www.wikidata.org/entity/Q95971355,@styled-system/should-forward-prop
http://www.wikidata.org/entity/Q95970552,@theme-ui/core
http://www.wikidata.org/entity/Q95968567,@theme-ui/css
http://www.wikidata.org/entity/Q95972645,@tinacms/react-screens
http://www.wikidata.org/entity/Q95972647,@tinacms/react-screens
http://www.wikidata.org/entity/Q95969584,@types/http-proxy
http://www.wikidata.org/entity/Q95970188,@types/mdast
http://www.wikidata.org/entity/Q95968600,@types/minimatch
http://www.wikidata.org/entity/Q95972683,@types/minimist
http://www.wikidata.org/entity/Q95968663,@types/warning
http://www.wikidata.org/entity/Q95961149,ajv
http://www.wikidata.org/entity/Q95961616,ansi-align
http://www.wikidata.org/entity/Q95957432,anymatch
http://www.wikidata.org/entity/Q95963366,apollo-link
http://www.wikidata.org/entity/Q95961634,array-find-index
http://www.wikidata.org/entity/Q95954880,array-union
http://www.wikidata.org/entity/Q95953516,arrify
http://www.wikidata.org/entity/Q95961532,astral-regex
http://www.wikidata.org/entity/Q95961851,available-typed-arrays
http://www.wikidata.org/entity/Q95968796,babel-code-frame
http://www.wikidata.org/entity/Q95971935,babel-register
http://www.wikidata.org/entity/Q95969911,babel-types
http://www.wikidata.org/entity/Q95959701,base64-arraybuffer
http://www.wikidata.org/entity/Q95953522,base64-js
http://www.wikidata.org/entity/Q95959627,better-queue
http://www.wikidata.org/entity/Q95961681,bufferutil
http://www.wikidata.org/entity/Q95954140,character-entities
http://www.wikidata.org/entity/Q95954119,character-entities-legacy
http://www.wikidata.org/entity/Q95968741,component-inherit
http://www.wikidata.org/entity/Q95968576,concat-map
http://www.wikidata.org/entity/Q95971137,copyfiles
http://www.wikidata.org/entity/Q95960857,core-js-pure
http://www.wikidata.org/entity/Q95961973,css-color-names
http://www.wikidata.org/entity/Q95969707,css-declaration-sorter
http://www.wikidata.org/entity/Q95953644,csstype
http://www.wikidata.org/entity/Q95969975,engine.io-client
http://www.wikidata.org/entity/Q95972436,eslint-plugin-graphql
http://www.wikidata.org/entity/Q95971296,eslint-plugin-import
http://www.wikidata.org/entity/Q95972669,exec-buffer
http://www.wikidata.org/entity/Q95969956,fork-ts-checker-webpack-plugin
http://www.wikidata.org/entity/Q95970140,gatsby-link
http://www.wikidata.org/entity/Q95972625,gatsby-plugin-catch-links
http://www.wikidata.org/entity/Q95972689,gatsby-source-filesystem
http://www.wikidata.org/entity/Q95972627,gatsby-tinacms-json
http://www.wikidata.org/entity/Q95971329,globby
http://www.wikidata.org/entity/Q95972710,http-signature
http://www.wikidata.org/entity/Q95968488,ink
http://www.wikidata.org/entity/Q95969686,ink-select-input
http://www.wikidata.org/entity/Q95970446,invariant
http://www.wikidata.org/entity/Q95972665,mdast-util-toc
http://www.wikidata.org/entity/Q95969540,null-loader
http://www.wikidata.org/entity/Q95968528,p-retry
http://www.wikidata.org/entity/Q95969644,postcss-merge-rules
http://www.wikidata.org/entity/Q95969932,postcss-modules-local-by-default
http://www.wikidata.org/entity/Q95969678,postcss-normalize-positions
http://www.wikidata.org/entity/Q95969715,postcss-normalize-repeat-style
http://www.wikidata.org/entity/Q95969906,postcss-normalize-url
http://www.wikidata.org/entity/Q95969653,postcss-reduce-initial
http://www.wikidata.org/entity/Q95969651,postcss-unique-selectors
http://www.wikidata.org/entity/Q95972776,react-beautiful-dnd
http://www.wikidata.org/entity/Q95971607,react-remove-scroll
http://www.wikidata.org/entity/Q95971307,renderkid
http://www.wikidata.org/entity/Q95970082,rimraf
http://www.wikidata.org/entity/Q95971351,which-typed-array
http://www.wikidata.org/entity/Q96276859,semantic-ui
http://www.wikidata.org/entity/Q96323625,parcel-bundler
http://www.wikidata.org/entity/Q95954235,bluebird
http://www.wikidata.org/entity/Q95959444,rc
http://www.wikidata.org/entity/Q95972701,meow
http://www.wikidata.org/entity/Q102522262,pyright
http://www.wikidata.org/entity/Q95960792,batch
http://www.wikidata.org/entity/Q95959074,color
http://www.wikidata.org/entity/Q95954985,ini
http://www.wikidata.org/entity/Q95970121,tmp
http://www.wikidata.org/entity/Q106211728,easybase-react
http://www.wikidata.org/entity/Q19399674,react
http://www.wikidata.org/entity/Q22952981,serverless
http://www.wikidata.org/entity/Q3486854,wiki
http://www.wikidata.org/entity/Q95961273,chardet
http://www.wikidata.org/entity/Q95959389,slugify
http://www.wikidata.org/entity/Q95971865,websocket
http://www.wikidata.org/entity/Q95969875,emotion
http://www.wikidata.org/entity/Q95972762,sharp
http://www.wikidata.org/entity/Q95957126,timm
http://www.wikidata.org/entity/Q111650848,rome
http://www.wikidata.org/entity/Q95962914,gauge
http://www.wikidata.org/entity/Q95954183,progress
http://www.wikidata.org/entity/Q21614124,electron
http://www.wikidata.org/entity/Q869483,modernizr
http://www.wikidata.org/entity/Q95961786,ws
http://www.wikidata.org/entity/Q95961034,doctrine
http://www.wikidata.org/entity/Q95959745,negotiator
http://www.wikidata.org/entity/Q95957826,junk
http://www.wikidata.org/entity/Q95956008,asap
http://www.wikidata.org/entity/Q95958593,fastq
http://www.wikidata.org/entity/Q3525922,three
http://www.wikidata.org/entity/Q5583797,googleapis
http://www.wikidata.org/entity/Q95964413,type
http://www.wikidata.org/entity/Q95961183,eventsource
http://www.wikidata.org/entity/Q95959850,open
http://www.wikidata.org/entity/Q95954154,retry
http://www.wikidata.org/entity/Q16845346,bower
http://www.wikidata.org/entity/Q95955167,debug
http://www.wikidata.org/entity/Q6161738,jasmine
http://www.wikidata.org/entity/Q25380625,babylonjs
http://www.wikidata.org/entity/Q13685322,leaflet
http://www.wikidata.org/entity/Q95960982,axios
http://www.wikidata.org/entity/Q95963089,esm
http://www.wikidata.org/entity/Q95956043,mime-types
http://www.wikidata.org/entity/Q55452824,eslint
http://www.wikidata.org/entity/Q95954299,stable
http://www.wikidata.org/entity/Q95943488,jest-runner-stylelint
http://www.wikidata.org/entity/Q95964505,@babel/helper-simple-access
http://www.wikidata.org/entity/Q95961680,@babel/helper-split-export-declaration
http://www.wikidata.org/entity/Q95960974,@babel/plugin-proposal-numeric-separator
http://www.wikidata.org/entity/Q95964245,@babel/plugin-syntax-class-properties
http://www.wikidata.org/entity/Q95964260,@babel/plugin-syntax-flow
http://www.wikidata.org/entity/Q95965057,@babel/plugin-transform-arrow-functions
http://www.wikidata.org/entity/Q95964058,@babel/plugin-transform-block-scoping
http://www.wikidata.org/entity/Q95971415,@babel/plugin-transform-classes
http://www.wikidata.org/entity/Q95964399,@babel/plugin-transform-destructuring
http://www.wikidata.org/entity/Q95969687,@emotion/cache
http://www.wikidata.org/entity/Q95968861,@emotion/stylis
http://www.wikidata.org/entity/Q95968636,@emotion/unitless
http://www.wikidata.org/entity/Q95968850,@emotion/weak-memoize
http://www.wikidata.org/entity/Q95972428,@graphql-toolkit/core
http://www.wikidata.org/entity/Q95971579,@graphql-tools/load-files
http://www.wikidata.org/entity/Q95968491,@pieh/friendly-errors-webpack-plugin
http://www.wikidata.org/entity/Q95970565,@reach/menu-button
http://www.wikidata.org/entity/Q95970562,@reach/tooltip
http://www.wikidata.org/entity/Q95954923,@scarf/scarf
http://www.wikidata.org/entity/Q95970742,@styled-system/position
http://www.wikidata.org/entity/Q95956598,@szmarczak/http-timer
http://www.wikidata.org/entity/Q95971148,@theme-ui/color-modes
http://www.wikidata.org/entity/Q95971359,@theme-ui/components
http://www.wikidata.org/entity/Q95968826,formik
http://www.wikidata.org/entity/Q95972623,gatsby-plugin-react-helmet-async
http://www.wikidata.org/entity/Q95972688,gray-matter
http://www.wikidata.org/entity/Q95954315,has-unicode
http://www.wikidata.org/entity/Q95961909,hex-color-regex
http://www.wikidata.org/entity/Q95961639,home-or-tmp
http://www.wikidata.org/entity/Q95960780,http-proxy
http://www.wikidata.org/entity/Q95960922,import-cwd
http://www.wikidata.org/entity/Q95955100,inline-style-parser
http://www.wikidata.org/entity/Q95961828,is-builtin-module
http://www.wikidata.org/entity/Q95961300,is-invalid-path
http://www.wikidata.org/entity/Q95953553,is-stream
http://www.wikidata.org/entity/Q95957181,is-symbol
http://www.wikidata.org/entity/Q95959815,is-unc-path
http://www.wikidata.org/entity/Q95961738,is-url
http://www.wikidata.org/entity/Q95971589,jest-diff
http://www.wikidata.org/entity/Q95921222,jest-raw-loader
http://www.wikidata.org/entity/Q95960149,jest-worker
http://www.wikidata.org/entity/Q95953575,json-parse-better-errors
http://www.wikidata.org/entity/Q95956265,json-schema-traverse
http://www.wikidata.org/entity/Q95955589,jsonfile
http://www.wikidata.org/entity/Q95962991,jsprim
http://www.wikidata.org/entity/Q95961008,lodash.memoize
http://www.wikidata.org/entity/Q95960618,lodash.sample
http://www.wikidata.org/entity/Q95953507,loose-envify
http://www.wikidata.org/entity/Q95963999,magic-string
http://www.wikidata.org/entity/Q95956677,markdown-table
http://www.wikidata.org/entity/Q95953517,mdast-util-to-string
http://www.wikidata.org/entity/Q95958778,node-fetch
http://www.wikidata.org/entity/Q95959813,noms
http://www.wikidata.org/entity/Q95962939,npmlog
http://www.wikidata.org/entity/Q95960510,object-hash
http://www.wikidata.org/entity/Q95971298,object.getownpropertydescriptors
http://www.wikidata.org/entity/Q95955128,os-filter-obj
http://www.wikidata.org/entity/Q95959365,p-defer
http://www.wikidata.org/entity/Q95954272,p-finally
http://www.wikidata.org/entity/Q95959835,p-map
http://www.wikidata.org/entity/Q95955942,p-timeout
http://www.wikidata.org/entity/Q95961988,parse-url
http://www.wikidata.org/entity/Q95954111,path-parse
http://www.wikidata.org/entity/Q95969544,postcss-flexbugs-fixes
http://www.wikidata.org/entity/Q95969648,postcss-minify-params
http://www.wikidata.org/entity/Q95969734,postcss-normalize-display-values
http://www.wikidata.org/entity/Q95969675,postcss-normalize-string
http://www.wikidata.org/entity/Q95971583,pretty-format
http://www.wikidata.org/entity/Q95958793,query-string
http://www.wikidata.org/entity/Q95972743,raf-schd
http://www.wikidata.org/entity/Q95971564,react-dev-utils
http://www.wikidata.org/entity/Q95968554,regenerator-runtime
http://www.wikidata.org/entity/Q95962085,remark-footnotes
http://www.wikidata.org/entity/Q95971294,remark-mdx
http://www.wikidata.org/entity/Q95961654,selfsigned
http://www.wikidata.org/entity/Q95953670,semver
http://www.wikidata.org/entity/Q95959408,shallow-compare
http://www.wikidata.org/entity/Q95971301,side-channel
http://www.wikidata.org/entity/Q95954838,simple-concat
http://www.wikidata.org/entity/Q95961457,socket.io-parser
http://www.wikidata.org/entity/Q95957485,spdx-correct
http://www.wikidata.org/entity/Q95961017,stack-utils
http://www.wikidata.org/entity/Q95971578,strict-ui
http://www.wikidata.org/entity/Q95971265,string.prototype.trimend
http://www.wikidata.org/entity/Q95953634,strip-indent
http://www.wikidata.org/entity/Q95969537,style-loader
http://www.wikidata.org/entity/Q95962473,subscriptions-transport-ws
http://www.wikidata.org/entity/Q95960830,svg-tag-names
http://www.wikidata.org/entity/Q95961493,term-size
http://www.wikidata.org/entity/Q95961568,timsort
http://www.wikidata.org/entity/Q95953510,trim-newlines
http://www.wikidata.org/entity/Q95955732,trim-repeated
http://www.wikidata.org/entity/Q95960916,trim-right
http://www.wikidata.org/entity/Q95954134,trim-trailing-lines
http://www.wikidata.org/entity/Q95955606,tunnel-agent
http://www.wikidata.org/entity/Q95955939,typedarray-to-buffer
http://www.wikidata.org/entity/Q95954181,unist-util-position
http://www.wikidata.org/entity/Q95970366,unist-util-visit
http://www.wikidata.org/entity/Q95970195,unist-util-visit-parents
http://www.wikidata.org/entity/Q95960388,unpipe
http://www.wikidata.org/entity/Q95972758,use-memo-one
http://www.wikidata.org/entity/Q95964807,use-sidecar
http://www.wikidata.org/entity/Q95961567,utf-8-validate
http://www.wikidata.org/entity/Q95960976,utila
http://www.wikidata.org/entity/Q95961850,xmlhttprequest-ssl
http://www.wikidata.org/entity/Q95961664,zen-observable
http://www.wikidata.org/entity/Q96278896,echarts
http://www.wikidata.org/entity/Q100709342,redux-observable
http://www.wikidata.org/entity/Q103715535,commonmark
http://www.wikidata.org/entity/Q95953633,deepmerge
http://www.wikidata.org/entity/Q95953309,slash
http://www.wikidata.org/entity/Q96253940,puppeteer
http://www.wikidata.org/entity/Q7552998,socket.io
http://www.wikidata.org/entity/Q16963446,livescript
http://www.wikidata.org/entity/Q17122950,unit.js
http://www.wikidata.org/entity/Q22906933,browserify
http://www.wikidata.org/entity/Q24589705,vue
http://www.wikidata.org/entity/Q60565843,citation-js
http://www.wikidata.org/entity/Q95940662,jest-runner-prettier
http://www.wikidata.org/entity/Q95971408,@babel/helper-module-transforms
http://www.wikidata.org/entity/Q95964129,@babel/plugin-transform-member-expression-literals
http://www.wikidata.org/entity/Q95961723,@babel/plugin-transform-runtime
http://www.wikidata.org/entity/Q95958446,@contentful/rich-text-types
http://www.wikidata.org/entity/Q95956443,defer-to-connect
http://www.wikidata.org/entity/Q95961530,dns-packet
http://www.wikidata.org/entity/Q95957196,dom-serializer
http://www.wikidata.org/entity/Q95955019,domhandler
http://www.wikidata.org/entity/Q95971824,es6-iterator
http://www.wikidata.org/entity/Q95960791,escape-html
http://www.wikidata.org/entity/Q95971569,eslint-plugin-jsx-a11y
http://www.wikidata.org/entity/Q95971854,eslint-plugin-react
http://www.wikidata.org/entity/Q95961185,eslint-utils
http://www.wikidata.org/entity/Q95958842,execa
http://www.wikidata.org/entity/Q95954297,expand-template
http://www.wikidata.org/entity/Q95958639,ext-name
http://www.wikidata.org/entity/Q95968783,file-loader
http://www.wikidata.org/entity/Q95972684,file-type
http://www.wikidata.org/entity/Q95961059,find-cache-dir
http://www.wikidata.org/entity/Q95956599,fs-extra
http://www.wikidata.org/entity/Q95972542,gatsby-admin
http://www.wikidata.org/entity/Q95971286,gatsby-page-utils
http://www.wikidata.org/entity/Q95971297,gatsby-plugin-page-creator
http://www.wikidata.org/entity/Q95970550,gatsby-plugin-typescript
http://www.wikidata.org/entity/Q95972675,gatsby-remark-smartypants
http://www.wikidata.org/entity/Q95972622,gatsby-transformer-json
http://www.wikidata.org/entity/Q95959699,get-port
http://www.wikidata.org/entity/Q95961025,global
http://www.wikidata.org/entity/Q95960812,graphql-type-json
http://www.wikidata.org/entity/Q95968525,gzip-size
http://www.wikidata.org/entity/Q95960665,handle-thing
http://www.wikidata.org/entity/Q95954158,has-flag
http://www.wikidata.org/entity/Q95959677,hast-util-to-html
http://www.wikidata.org/entity/Q95971132,http-proxy-middleware
http://www.wikidata.org/entity/Q95958618,http2-wrapper
http://www.wikidata.org/entity/Q95960882,immer
http://www.wikidata.org/entity/Q95953599,inherits
http://www.wikidata.org/entity/Q95970554,inquirer
http://www.wikidata.org/entity/Q95955656,inspect-with-kind
http://www.wikidata.org/entity/Q95955204,is-alphanumerical
http://www.wikidata.org/entity/Q95961474,is-arguments
http://www.wikidata.org/entity/Q95961549,is-bigint
http://www.wikidata.org/entity/Q95954130,is-hexadecimal
http://www.wikidata.org/entity/Q95956313,is-plain-object
http://www.wikidata.org/entity/Q95960578,is-root
http://www.wikidata.org/entity/Q95960829,is-string
http://www.wikidata.org/entity/Q95954112,is-whitespace-character
http://www.wikidata.org/entity/Q95957497,keyv
http://www.wikidata.org/entity/Q95960519,killable
http://www.wikidata.org/entity/Q95961663,koa-is-json
http://www.wikidata.org/entity/Q95955889,length-sort
http://www.wikidata.org/entity/Q95953649,lines-and-columns
http://www.wikidata.org/entity/Q95960062,lockfile
http://www.wikidata.org/entity/Q95960775,loglevelnext
http://www.wikidata.org/entity/Q95955230,longest
http://www.wikidata.org/entity/Q95954129,markdown-escapes
http://www.wikidata.org/entity/Q95960367,micromatch
http://www.wikidata.org/entity/Q95954925,mimic-fn
http://www.wikidata.org/entity/Q95955077,mimic-response
http://www.wikidata.org/entity/Q95956177,minimist-options
http://www.wikidata.org/entity/Q95956906,minipass
http://www.wikidata.org/entity/Q95958969,minizlib
http://www.wikidata.org/entity/Q95961587,multicast-dns
http://www.wikidata.org/entity/Q95957847,node-abi
http://www.wikidata.org/entity/Q95956209,node-eta
http://www.wikidata.org/entity/Q95961537,node-forge
http://www.wikidata.org/entity/Q95955169,object-keys
http://www.wikidata.org/entity/Q95961148,page-lifecycle
http://www.wikidata.org/entity/Q95961816,parse-bmfont-xml
http://www.wikidata.org/entity/Q95957435,parse-latin
http://www.wikidata.org/entity/Q95953494,parse5
http://www.wikidata.org/entity/Q95959496,parseurl
http://www.wikidata.org/entity/Q95954138,peek-readable
http://www.wikidata.org/entity/Q95972781,pend
http://www.wikidata.org/entity/Q95955445,performance-now
http://www.wikidata.org/entity/Q95959463,phin
http://www.wikidata.org/entity/Q95953509,polished
http://www.wikidata.org/entity/Q95969723,postcss-calc
http://www.wikidata.org/entity/Q95969633,postcss-convert-values
http://www.wikidata.org/entity/Q95969638,postcss-loader
http://www.wikidata.org/entity/Q95969708,postcss-normalize-timing-functions
http://www.wikidata.org/entity/Q95969902,postcss-ordered-values
http://www.wikidata.org/entity/Q95968965,postcss-selector-parser
http://www.wikidata.org/entity/Q95954186,postcss-value-parser
http://www.wikidata.org/entity/Q95972764,queue
http://www.wikidata.org/entity/Q95958979,react-dom
http://www.wikidata.org/entity/Q95960064,react-error-overlay
http://www.wikidata.org/entity/Q95953491,react-use-webp-support-check
http://www.wikidata.org/entity/Q95959422,redux-thunk
http://www.wikidata.org/entity/Q95961095,registry-auth-token
http://www.wikidata.org/entity/Q95972687,remark
http://www.wikidata.org/entity/Q95970741,remark-parse
http://www.wikidata.org/entity/Q95972648,retext-latin
http://www.wikidata.org/entity/Q95961962,rgba-regex
http://www.wikidata.org/entity/Q95953656,safe-buffer
http://www.wikidata.org/entity/Q95954839,safer-buffer
http://www.wikidata.org/entity/Q95961043,select-hose
http://www.wikidata.org/entity/Q95955699,semver-truncate
http://www.wikidata.org/entity/Q95954867,set-blocking
http://www.wikidata.org/entity/Q95955496,shebang-regex
http://www.wikidata.org/entity/Q95961810,simple-git
http://www.wikidata.org/entity/Q95953654,source-map
http://www.wikidata.org/entity/Q95954132,spdx-exceptions
http://www.wikidata.org/entity/Q95959898,sudo-prompt
http://www.wikidata.org/entity/Q95968629,@emotion/hash
http://www.wikidata.org/entity/Q95968996,@emotion/is-prop-valid
http://www.wikidata.org/entity/Q95968580,@emotion/utils
http://www.wikidata.org/entity/Q95972352,@graphql-toolkit/common
http://www.wikidata.org/entity/Q95972423,@graphql-toolkit/schema-merging
http://www.wikidata.org/entity/Q95963994,@graphql-tools/mock
http://www.wikidata.org/entity/Q95962804,@graphql-tools/utils
http://www.wikidata.org/entity/Q95961116,@hapi/joi
http://www.wikidata.org/entity/Q95972787,@jimp/tiff
http://www.wikidata.org/entity/Q95971858,@mdx-js/runtime
http://www.wikidata.org/entity/Q95972484,@reach/combobox
http://www.wikidata.org/entity/Q95970089,@reach/popover
http://www.wikidata.org/entity/Q95972624,@reach/skip-nav
http://www.wikidata.org/entity/Q95970549,@theme-ui/mdx
http://www.wikidata.org/entity/Q95972644,@tinacms/alerts
http://www.wikidata.org/entity/Q95957324,@tinacms/forms
http://www.wikidata.org/entity/Q95972652,@tinacms/react-modals
http://www.wikidata.org/entity/Q95970027,@types/cacheable-request
http://www.wikidata.org/entity/Q95965269,@types/color-name
http://www.wikidata.org/entity/Q95968815,@types/configstore
http://www.wikidata.org/entity/Q95969722,@types/history
http://www.wikidata.org/entity/Q95969919,@types/keyv
http://www.wikidata.org/entity/Q95969790,@types/styled-system
http://www.wikidata.org/entity/Q95968840,@types/uglify-js
http://www.wikidata.org/entity/Q95971398,@types/yargs-parser
http://www.wikidata.org/entity/Q95971135,@typescript-eslint/typescript-estree
http://www.wikidata.org/entity/Q95963645,acorn-dynamic-import
http://www.wikidata.org/entity/Q95961293,ajv-keywords
http://www.wikidata.org/entity/Q95971285,array-includes
http://www.wikidata.org/entity/Q95971282,array.prototype.flat
http://www.wikidata.org/entity/Q95957076,assign-symbols
http://www.wikidata.org/entity/Q95972075,babel-core
http://www.wikidata.org/entity/Q95970137,babel-generator
http://www.wikidata.org/entity/Q95962167,babel-plugin-extract-import-names
http://www.wikidata.org/entity/Q95960330,babel-plugin-transform-react-remove-prop-types
http://www.wikidata.org/entity/Q95972698,babel-polyfill
http://www.wikidata.org/entity/Q95971602,babel-preset-fbjs
http://www.wikidata.org/entity/Q95960305,big.js
http://www.wikidata.org/entity/Q95959713,bin-version-check
http://www.wikidata.org/entity/Q95955573,binary-extensions
http://www.wikidata.org/entity/Q95970611,boolbase
http://www.wikidata.org/entity/Q95961252,browserslist
http://www.wikidata.org/entity/Q95959045,buffer-equal
http://www.wikidata.org/entity/Q95954220,buffer-from
http://www.wikidata.org/entity/Q95954856,camelcase-css
http://www.wikidata.org/entity/Q95954128,character-reference-invalid
http://www.wikidata.org/entity/Q95959482,charenc
http://www.wikidata.org/entity/Q95962526,cli-table3
http://www.wikidata.org/entity/Q95959239,clone-response
http://www.wikidata.org/entity/Q95960019,compressible
http://www.wikidata.org/entity/Q95962329,concat-stream
http://www.wikidata.org/entity/Q95969852,create-emotion
http://www.wikidata.org/entity/Q95958002,cross-spawn
http://www.wikidata.org/entity/Q95955648,css-box-model
http://www.wikidata.org/entity/Q95960846,cssesc
http://www.wikidata.org/entity/Q95960964,cssnano-util-get-match
http://www.wikidata.org/entity/Q95956781,dashdash
http://www.wikidata.org/entity/Q95953562,decamelize
http://www.wikidata.org/entity/Q95954141,delegates
http://www.wikidata.org/entity/Q95954945,detect-libc
http://www.wikidata.org/entity/Q95961035,detect-node
http://www.wikidata.org/entity/Q95961297,dom-helpers
http://www.wikidata.org/entity/Q95960897,dom-walk
http://www.wikidata.org/entity/Q95953576,emoji-regex
http://www.wikidata.org/entity/Q95963102,engine.io-parser
http://www.wikidata.org/entity/Q95955052,error-ex
http://www.wikidata.org/entity/Q95971814,es5-ext
http://www.wikidata.org/entity/Q95953520,escape-string-regexp
http://www.wikidata.org/entity/Q95961032,eslint-import-resolver-node
http://www.wikidata.org/entity/Q95960771,eslint-plugin-flowtype
http://www.wikidata.org/entity/Q95955074,executable
http://www.wikidata.org/entity/Q95961922,extract-files
http://www.wikidata.org/entity/Q95973841,fd-slicer
http://www.wikidata.org/entity/Q95955859,find-versions
http://www.wikidata.org/entity/Q95960948,focus-lock
http://www.wikidata.org/entity/Q95960773,follow-redirects
http://www.wikidata.org/entity/Q95968833,gatsby-core-utils
http://www.wikidata.org/entity/Q95961144,gatsby-design-tokens
http://www.wikidata.org/entity/Q95972632,gatsby-remark-autolink-headers
http://www.wikidata.org/entity/Q95972774,gatsby-tinacms-remark
http://www.wikidata.org/entity/Q95964846,get-nonce
http://www.wikidata.org/entity/Q95955480,get-stdin
http://www.wikidata.org/entity/Q95962158,git-up
http://www.wikidata.org/entity/Q95972661,github-from-package
http://www.wikidata.org/entity/Q95960329,graphql-playground-html
http://www.wikidata.org/entity/Q95962476,har-validator
http://www.wikidata.org/entity/Q95962499,hast-to-hyperscript
http://www.wikidata.org/entity/Q95971344,hast-util-from-parse5
http://www.wikidata.org/entity/Q95957672,hastscript
http://www.wikidata.org/entity/Q95962445,hicat
http://www.wikidata.org/entity/Q95972472,highlight-words-core
http://www.wikidata.org/entity/Q95958781,hosted-git-info
http://www.wikidata.org/entity/Q95962910,hpack.js
http://www.wikidata.org/entity/Q95961762,html-tag-names
http://www.wikidata.org/entity/Q95955174,html-void-elements
http://www.wikidata.org/entity/Q95956469,http-cache-semantics
http://www.wikidata.org/entity/Q95961289,http-parser-js
http://www.wikidata.org/entity/Q95969546,icss-utils
http://www.wikidata.org/entity/Q95953573,indent-string
http://www.wikidata.org/entity/Q95968838,indexes-of
http://www.wikidata.org/entity/Q20800661,velocity-animate
http://www.wikidata.org/entity/Q24382606,gulp
http://www.wikidata.org/entity/Q28135597,aframe
http://www.wikidata.org/entity/Q56297974,bulma
http://www.wikidata.org/entity/Q56298916,iobroker
http://www.wikidata.org/entity/Q56570090,graphdracula
http://www.wikidata.org/entity/Q66436561,epubjs
http://www.wikidata.org/entity/Q95954303,@babel/helper-annotate-as-pure
http://www.wikidata.org/entity/Q95961900,@babel/helper-builder-react-jsx-experimental
http://www.wikidata.org/entity/Q95962542,@babel/helper-create-class-features-plugin
http://www.wikidata.org/entity/Q95953677,@babel/helper-plugin-utils
http://www.wikidata.org/entity/Q95962784,@babel/plugin-proposal-class-properties
http://www.wikidata.org/entity/Q95970329,@babel/plugin-proposal-object-rest-spread
http://www.wikidata.org/entity/Q95968787,@babel/plugin-syntax-object-rest-spread
http://www.wikidata.org/entity/Q95968659,@babel/plugin-syntax-optional-chaining
http://www.wikidata.org/entity/Q95965060,@babel/plugin-transform-flow-strip-types
http://www.wikidata.org/entity/Q95964068,@babel/plugin-transform-function-name
http://www.wikidata.org/entity/Q95962727,@babel/plugin-transform-parameters
http://www.wikidata.org/entity/Q95964024,@babel/plugin-transform-react-display-name
http://www.wikidata.org/entity/Q95964198,@babel/plugin-transform-template-literals
http://www.wikidata.org/entity/Q95970242,@emotion/styled-base
http://www.wikidata.org/entity/Q95971572,@graphql-tools/load
http://www.wikidata.org/entity/Q95963453,@graphql-tools/merge
http://www.wikidata.org/entity/Q95962953,@graphql-tools/resolvers-composition
http://www.wikidata.org/entity/Q95958022,@hapi/formula
http://www.wikidata.org/entity/Q95956759,@hapi/hoek
http://www.wikidata.org/entity/Q95955539,@kwsites/exec-p
http://www.wikidata.org/entity/Q95959268,@mikaelkristiansson/domready
http://www.wikidata.org/entity/Q95969793,@nodelib/fs.scandir
http://www.wikidata.org/entity/Q95968860,@nodelib/fs.stat
http://www.wikidata.org/entity/Q95970120,@pmmmwh/react-refresh-webpack-plugin
http://www.wikidata.org/entity/Q95969981,@reach/portal
http://www.wikidata.org/entity/Q95961358,@reach/visually-hidden
http://www.wikidata.org/entity/Q95954866,@sambego/storybook-styles
http://www.wikidata.org/entity/Q95970800,@styled-system/grid
http://www.wikidata.org/entity/Q95954177,@tinacms/core
http://www.wikidata.org/entity/Q95968565,@types/debug
http://www.wikidata.org/entity/Q95968606,@types/get-port
http://www.wikidata.org/entity/Q95969898,@types/mkdirp
http://www.wikidata.org/entity/Q95971423,@types/q
http://www.wikidata.org/entity/Q95972626,@types/reach__skip-nav
http://www.wikidata.org/entity/Q95971407,@types/yargs
http://www.wikidata.org/entity/Q95971396,@typescript-eslint/parser
http://www.wikidata.org/entity/Q95961445,@urql/core
http://www.wikidata.org/entity/Q95960111,accepts
http://www.wikidata.org/entity/Q95965277,ansi-styles
http://www.wikidata.org/entity/Q95962009,any-promise
http://www.wikidata.org/entity/Q95964209,apollo-link-http
http://www.wikidata.org/entity/Q95955790,aproba
http://www.wikidata.org/entity/Q95954120,array-iterate
http://www.wikidata.org/entity/Q95969551,autoprefixer
http://www.wikidata.org/entity/Q95955051,aws-sign2
http://www.wikidata.org/entity/Q95971280,babel-helpers
http://www.wikidata.org/entity/Q95969536,babel-loader
http://www.wikidata.org/entity/Q95968753,boxen
http://www.wikidata.org/entity/Q95961817,builtin-modules
http://www.wikidata.org/entity/Q95970563,cacache
http://www.wikidata.org/entity/Q95960102,cache-manager-fs-hash
http://www.wikidata.org/entity/Q95962080,camel-case
http://www.wikidata.org/entity/Q95953307,camelcase
http://www.wikidata.org/entity/Q95960459,caniuse-lite
http://www.wikidata.org/entity/Q95959197,centra
http://www.wikidata.org/entity/Q95961029,clipboardy
http://www.wikidata.org/entity/Q95968760,configstore
http://www.wikidata.org/entity/Q95959450,convert-hrtime
http://www.wikidata.org/entity/Q95956251,convert-source-map
http://www.wikidata.org/entity/Q95968888,cosmiconfig
http://www.wikidata.org/entity/Q95961126,create-react-context
http://www.wikidata.org/entity/Q95961870,cssnano-util-get-arguments
http://www.wikidata.org/entity/Q95960362,dataloader
http://www.wikidata.org/entity/Q95956304,decompress-response
http://www.wikidata.org/entity/Q95960960,default-gateway
http://www.wikidata.org/entity/Q95955215,dir-glob
http://www.wikidata.org/entity/Q95957856,domutils
http://www.wikidata.org/entity/Q95954251,end-of-stream
http://www.wikidata.org/entity/Q95971224,es-abstract
http://www.wikidata.org/entity/Q95959846,eslint-visitor-keys
http://www.wikidata.org/entity/Q95959383,event-source-polyfill
http://www.wikidata.org/entity/Q95961852,faye-websocket
http://www.wikidata.org/entity/Q95960252,fn-name
http://www.wikidata.org/entity/Q95961541,foreach
http://www.wikidata.org/entity/Q95972628,gatsby-background-image-lite
http://www.wikidata.org/entity/Q95972606,gatsby-cli
http://www.wikidata.org/entity/Q95962346,gatsby-image
http://www.wikidata.org/entity/Q95972621,gatsby-plugin-nprogress
http://www.wikidata.org/entity/Q95972718,generate-robotstxt
http://www.wikidata.org/entity/Q95957190,getpass
http://www.wikidata.org/entity/Q95961069,global-prefix
http://www.wikidata.org/entity/Q95960911,graphql-playground-middleware-express
http://www.wikidata.org/entity/Q95959595,hasha
http://www.wikidata.org/entity/Q95971350,hast-util-raw
http://www.wikidata.org/entity/Q95956517,hast-util-whitespace
http://www.wikidata.org/entity/Q95961255,http-errors
http://www.wikidata.org/entity/Q95968584,imurmurhash
http://www.wikidata.org/entity/Q95956236,is-alphanumeric
http://www.wikidata.org/entity/Q95961745,is-function
http://www.wikidata.org/entity/Q95971094,is-glob
http://www.wikidata.org/entity/Q95961528,is-number-object
http://www.wikidata.org/entity/Q95961437,is-promise
http://www.wikidata.org/entity/Q95954193,is-word-character
http://www.wikidata.org/entity/Q95961410,is-yarn-global
http://www.wikidata.org/entity/Q95961929,jest-get-type
http://www.wikidata.org/entity/Q95961449,jpeg-js
http://www.wikidata.org/entity/Q95953499,js-tokens
http://www.wikidata.org/entity/Q95960853,jsesc
http://www.wikidata.org/entity/Q95954852,json-schema
http://www.wikidata.org/entity/Q95970398,latest-version
http://www.wikidata.org/entity/Q95954283,locate-path
http://www.wikidata.org/entity/Q95962015,lodash.toarray
http://www.wikidata.org/entity/Q95954861,lodash.uniq
http://www.wikidata.org/entity/Q95959705,lodash.without
http://www.wikidata.org/entity/Q95953500,loglevel
http://www.wikidata.org/entity/Q95971318,mdast-util-to-hast
http://www.wikidata.org/entity/Q95959357,meant
http://www.wikidata.org/entity/Q95954267,mime-db
http://www.wikidata.org/entity/Q95953686,mini-svg-data-uri
http://www.wikidata.org/entity/Q95961926,minimalistic-assert
http://www.wikidata.org/entity/Q95969590,minimatch
http://www.wikidata.org/entity/Q95961290,minipass-flush
http://www.wikidata.org/entity/Q95960903,move-file
http://www.wikidata.org/entity/Q95961979,no-case
http://www.wikidata.org/entity/Q95962502,node-emoji
http://www.wikidata.org/entity/Q95959226,normalize-package-data
http://www.wikidata.org/entity/Q95960321,normalize-range
http://www.wikidata.org/entity/Q95953495,nprogress
http://www.wikidata.org/entity/Q95971138,nth-check
http://www.wikidata.org/entity/Q95954190,object-fit-images
http://www.wikidata.org/entity/Q95971284,object.entries
http://www.wikidata.org/entity/Q95958182,omggif
http://www.wikidata.org/entity/Q95954189,on-finished
http://www.wikidata.org/entity/Q95954197,p-limit
http://www.wikidata.org/entity/Q95959294,pako
http://www.wikidata.org/entity/Q95959037,parse-bmfont-ascii
http://www.wikidata.org/entity/Q95968498,physical-cpu-count
http://www.wikidata.org/entity/Q95953525,pify
http://www.wikidata.org/entity/Q95958462,pngjs
http://www.wikidata.org/entity/Q95969719,postcss-discard-duplicates
http://www.wikidata.org/entity/Q95969598,postcss-load-config
http://www.wikidata.org/entity/Q95969672,postcss-minify-selectors
http://www.wikidata.org/entity/Q95969765,postcss-reduce-transforms
http://www.wikidata.org/entity/Q95971767,postcss-svgo
http://www.wikidata.org/entity/Q95955596,pretty-bytes
http://www.wikidata.org/entity/Q95971317,pretty-error
http://www.wikidata.org/entity/Q95961053,prompts
http://www.wikidata.org/entity/Q95961436,protocols
http://www.wikidata.org/entity/Q95953308,punycode
http://www.wikidata.org/entity/Q95953582,quick-lru
http://www.wikidata.org/entity/Q95964824,react-clientside-effect
http://www.wikidata.org/entity/Q95972629,react-helmet-async
http://www.wikidata.org/entity/Q95953655,react-intersection-observer
http://www.wikidata.org/entity/Q95971420,react-remove-scroll-bar
http://www.wikidata.org/entity/Q95968876,read-pkg-up
http://www.wikidata.org/entity/Q95971575,reflexbox
http://www.wikidata.org/entity/Q95964859,regenerate
http://www.wikidata.org/entity/Q95961005,regexpp
http://www.wikidata.org/entity/Q95954135,repeat-string
http://www.wikidata.org/entity/Q95960361,require-directory
http://www.wikidata.org/entity/Q95961981,resolve-path
http://www.wikidata.org/entity/Q95972653,retext-english
http://www.wikidata.org/entity/Q95961937,rgb-regex
http://www.wikidata.org/entity/Q95962756,section-matter
http://www.wikidata.org/entity/Q95960297,setprototypeof
http://www.wikidata.org/entity/Q95960823,shell-quote
http://www.wikidata.org/entity/Q95960123,sift
http://www.wikidata.org/entity/Q95969958,signedsource
http://www.wikidata.org/entity/Q95955753,simple-swizzle
http://www.wikidata.org/entity/Q95960763,source-list-map
http://www.wikidata.org/entity/Q95960991,source-map-support
http://www.wikidata.org/entity/Q95955040,sprintf-js
http://www.wikidata.org/entity/Q95962698,sshpk
http://www.wikidata.org/entity/Q95955818,stream-parser
http://www.wikidata.org/entity/Q95958642,strict-uri-encode
http://www.wikidata.org/entity/Q95960954,strip-bom
http://www.wikidata.org/entity/Q95969528,styled-components
http://www.wikidata.org/entity/Q95961263,tapable
http://www.wikidata.org/entity/Q95961419,terser
http://www.wikidata.org/entity/Q95970567,terser-webpack-plugin
http://www.wikidata.org/entity/Q95971381,theme-ui
http://www.wikidata.org/entity/Q95968499,to-array
http://www.wikidata.org/entity/Q95954965,tweetnacl
http://www.wikidata.org/entity/Q95958801,unbzip2-stream
http://www.wikidata.org/entity/Q95962342,underscore.string
http://www.wikidata.org/entity/Q95955945,unherit
http://www.wikidata.org/entity/Q95970609,unified
http://www.wikidata.org/entity/Q95969921,unique-slug
http://www.wikidata.org/entity/Q95955213,unique-string
http://www.wikidata.org/entity/Q95953487,unist-util-is
http://www.wikidata.org/entity/Q95961489,urql
http://www.wikidata.org/entity/Q95953508,vscode-textmate
http://www.wikidata.org/entity/Q95969738,webpack-plugin-ramdisk
http://www.wikidata.org/entity/Q95960378,wonka
http://www.wikidata.org/entity/Q95961774,xml2js
http://www.wikidata.org/entity/Q95971124,yargs
http://www.wikidata.org/entity/Q95961695,zen-observable-ts
http://www.wikidata.org/entity/Q95953486,zwitch
http://www.wikidata.org/entity/Q97013178,redoc
http://www.wikidata.org/entity/Q102173844,tailwindcss
http://www.wikidata.org/entity/Q106156162,@sveltejs/kit
http://www.wikidata.org/entity/Q109462071,htmx.org
http://www.wikidata.org/entity/Q62108705,name-suggestion-index
http://www.wikidata.org/entity/Q95968510,indexof
http://www.wikidata.org/entity/Q95961074,infer-owner
http://www.wikidata.org/entity/Q95969659,ink-box
http://www.wikidata.org/entity/Q95954907,is-arrayish
http://www.wikidata.org/entity/Q95955106,is-obj
http://www.wikidata.org/entity/Q95959667,is-path-inside
http://www.wikidata.org/entity/Q95960390,is-resolvable
http://www.wikidata.org/entity/Q95961579,is-weakset
http://www.wikidata.org/entity/Q95959594,is-wsl
http://www.wikidata.org/entity/Q95958440,js-yaml
http://www.wikidata.org/entity/Q95957370,json-buffer
http://www.wikidata.org/entity/Q95961675,koa-route
http://www.wikidata.org/entity/Q95961312,last-call-webpack-plugin
http://www.wikidata.org/entity/Q95961966,load-bmfont
http://www.wikidata.org/entity/Q95959927,lodash.debounce
http://www.wikidata.org/entity/Q95973853,lpad-align
http://www.wikidata.org/entity/Q95954897,make-dir
http://www.wikidata.org/entity/Q95970848,mdast-util-definitions
http://www.wikidata.org/entity/Q95961625,microevent.ts
http://www.wikidata.org/entity/Q95960899,min-document
http://www.wikidata.org/entity/Q95954216,moment
http://www.wikidata.org/entity/Q95960950,mute-stream
http://www.wikidata.org/entity/Q95959372,name-all-modules-plugin
http://www.wikidata.org/entity/Q95960524,nanoid
http://www.wikidata.org/entity/Q95954955,node-addon-api
http://www.wikidata.org/entity/Q95954314,noop-logger
http://www.wikidata.org/entity/Q95956626,normalize-url
http://www.wikidata.org/entity/Q95955031,npm-run-path
http://www.wikidata.org/entity/Q95971323,object-is
http://www.wikidata.org/entity/Q95958044,object.assign
http://www.wikidata.org/entity/Q95971283,object.values
http://www.wikidata.org/entity/Q95971878,optimize-css-assets-webpack-plugin
http://www.wikidata.org/entity/Q95959618,p-any
http://www.wikidata.org/entity/Q95954156,p-try
http://www.wikidata.org/entity/Q95956186,parent-module
http://www.wikidata.org/entity/Q95957467,parse-entities
http://www.wikidata.org/entity/Q95961998,pascal-case
http://www.wikidata.org/entity/Q95961231,password-prompt
http://www.wikidata.org/entity/Q95969706,postcss-colormin
http://www.wikidata.org/entity/Q95969634,postcss-discard-comments
http://www.wikidata.org/entity/Q95969681,postcss-discard-empty
http://www.wikidata.org/entity/Q95960852,process
http://www.wikidata.org/entity/Q95960384,promise-inflight
http://www.wikidata.org/entity/Q95968501,querystring
http://www.wikidata.org/entity/Q95960454,range-parser
http://www.wikidata.org/entity/Q95968515,react-hot-loader
http://www.wikidata.org/entity/Q95955844,readable-web-to-node-stream
http://www.wikidata.org/entity/Q95972214,relay-compiler
http://www.wikidata.org/entity/Q95960983,require-main-filename
http://www.wikidata.org/entity/Q95959863,requires-port
http://www.wikidata.org/entity/Q95972696,sanitize-html
http://www.wikidata.org/entity/Q95953304,schema-dts
http://www.wikidata.org/entity/Q95970574,scroll-behavior
http://www.wikidata.org/entity/Q95957484,seek-bzip
http://www.wikidata.org/entity/Q95961375,serialize-javascript
http://www.wikidata.org/entity/Q95971100,socket.io-client
http://www.wikidata.org/entity/Q95971109,sockjs
http://www.wikidata.org/entity/Q95954210,spdx-expression-parse
http://www.wikidata.org/entity/Q95954137,spdx-license-ids
http://www.wikidata.org/entity/Q95964459,spdy-transport
http://www.wikidata.org/entity/Q95959284,stack-trace
http://www.wikidata.org/entity/Q95953306,starstuff-style
http://www.wikidata.org/entity/Q95954127,state-toggle
http://www.wikidata.org/entity/Q95959387,string-similarity
http://www.wikidata.org/entity/Q95957703,string-width
http://www.wikidata.org/entity/Q95954149,strip-bom-string
http://www.wikidata.org/entity/Q95972679,strtok3
http://www.wikidata.org/entity/Q95971075,styled-system
http://www.wikidata.org/entity/Q95970047,stylehacks
http://www.wikidata.org/entity/Q95953596,tiny-invariant
http://www.wikidata.org/entity/Q95960463,toidentifier
http://www.wikidata.org/entity/Q95953565,type-fest
http://www.wikidata.org/entity/Q95968527,type-of
http://www.wikidata.org/entity/Q95969933,unique-filename
http://www.wikidata.org/entity/Q95968851,unist-util-stringify-position
http://www.wikidata.org/entity/Q95970545,update-notifier
http://www.wikidata.org/entity/Q95953484,uri-js
http://www.wikidata.org/entity/Q95957403,verror
http://www.wikidata.org/entity/Q95968504,webpack-hot-middleware
http://www.wikidata.org/entity/Q95954237,which-pm-runs
http://www.wikidata.org/entity/Q95962544,wide-align
http://www.wikidata.org/entity/Q95960595,widest-line
http://www.wikidata.org/entity/Q95965280,wrap-ansi
http://www.wikidata.org/entity/Q95954101,xdg-basedir
http://www.wikidata.org/entity/Q95959860,xml-parse-from-string
http://www.wikidata.org/entity/Q95960308,yeast
http://www.wikidata.org/entity/Q95955421,esprima
http://www.wikidata.org/entity/Q108196498,jquery.terminal
http://www.wikidata.org/entity/Q285960,jquery-ui
http://www.wikidata.org/entity/Q95960548,private
http://www.wikidata.org/entity/Q95972615,gatsby
http://www.wikidata.org/entity/Q3137109,mathjax
http://www.wikidata.org/entity/Q4052375,underscore
http://www.wikidata.org/entity/Q6108931,jshint
http://www.wikidata.org/entity/Q17146476,plotly.js
http://www.wikidata.org/entity/Q25345934,pixi.js
http://www.wikidata.org/entity/P3879,cologne-phonetic
http://www.wikidata.org/entity/Q55774523,react-native
http://www.wikidata.org/entity/Q56461187,respec
http://www.wikidata.org/entity/Q978185,typescript
http://www.wikidata.org/entity/Q95971761,svgo
http://www.wikidata.org/entity/Q95961055,tabbable
http://www.wikidata.org/entity/Q95968509,text-table
http://www.wikidata.org/entity/Q95959375,true-case-path
http://www.wikidata.org/entity/Q95957967,type-is
http://www.wikidata.org/entity/Q95964958,unicode-property-aliases-ecmascript
http://www.wikidata.org/entity/Q95956374,unist-util-generated
http://www.wikidata.org/entity/Q95953493,uri-path-breakdown
http://www.wikidata.org/entity/Q95959361,v8-compile-cache
http://www.wikidata.org/entity/Q95961942,wbuf
http://www.wikidata.org/entity/Q95954903,web-namespaces
http://www.wikidata.org/entity/Q95968505,webpack-dev-middleware
http://www.wikidata.org/entity/Q95971666,webpack-dev-server
http://www.wikidata.org/entity/Q95968503,webpack-log
http://www.wikidata.org/entity/Q95959307,webpack-stats-plugin
http://www.wikidata.org/entity/Q95954117,wrappy
http://www.wikidata.org/entity/Q95953532,xmldom
http://www.wikidata.org/entity/Q95960590,y18n
http://www.wikidata.org/entity/Q95954956,yallist
http://www.wikidata.org/entity/Q95958095,yargs-parser
http://www.wikidata.org/entity/Q95973857,yauzl
http://www.wikidata.org/entity/Q95971855,yurnalist
http://www.wikidata.org/entity/Q96279379,materialize-css
http://www.wikidata.org/entity/Q100770934,animate.css
http://www.wikidata.org/entity/Q103686338,@swc/core
http://www.wikidata.org/entity/Q95971340,del
http://www.wikidata.org/entity/Q30591876,cannon
http://www.wikidata.org/entity/Q5381465,enyo
http://www.wikidata.org/entity/Q7242217,prettydiff
http://www.wikidata.org/entity/Q15701254,montage
http://www.wikidata.org/entity/Q22909730,webpack
http://www.wikidata.org/entity/Q28448331,katex
http://www.wikidata.org/entity/Q28957057,redux
http://www.wikidata.org/entity/Q30147525,prettier
http://www.wikidata.org/entity/Q95961618,pupa
http://www.wikidata.org/entity/Q61447639,oojs-ui
http://www.wikidata.org/entity/Q95961402,@babel/helper-builder-react-jsx
http://www.wikidata.org/entity/Q95961839,@babel/helper-get-function-arity
http://www.wikidata.org/entity/Q95961731,@babel/helper-member-expression-to-functions
http://www.wikidata.org/entity/Q95968642,@babel/plugin-proposal-nullish-coalescing-operator
http://www.wikidata.org/entity/Q95956067,@babel/plugin-syntax-jsx
http://www.wikidata.org/entity/Q95956068,@babel/plugin-syntax-numeric-separator
http://www.wikidata.org/entity/Q95964110,@babel/plugin-transform-block-scoped-functions
http://www.wikidata.org/entity/Q95971424,@babel/plugin-transform-modules-commonjs
http://www.wikidata.org/entity/Q95970331,@babel/plugin-transform-shorthand-properties
http://www.wikidata.org/entity/Q95960357,@babel/plugin-transform-spread
http://www.wikidata.org/entity/Q95972681,@emotion/babel-plugin-jsx-pragmatic
http://www.wikidata.org/entity/Q95970319,@emotion/core
http://www.wikidata.org/entity/Q95968551,@emotion/sheet
http://www.wikidata.org/entity/Q95963565,@graphql-tools/delegate
http://www.wikidata.org/entity/Q95961868,@graphql-tools/import
http://www.wikidata.org/entity/Q95963509,@graphql-tools/module-loader
http://www.wikidata.org/entity/Q95963328,@graphql-tools/schema
http://www.wikidata.org/entity/Q95960985,@hapi/topo
http://www.wikidata.org/entity/Q95971418,@jest/types
http://www.wikidata.org/entity/Q95969779,@reach/alert
http://www.wikidata.org/entity/Q95970809,@styled-system/border
http://www.wikidata.org/entity/Q95970621,@styled-system/core
http://www.wikidata.org/entity/Q95970687,@styled-system/space
http://www.wikidata.org/entity/Q95972655,@tinacms/icons
http://www.wikidata.org/entity/Q95972643,@tinacms/react-alerts
http://www.wikidata.org/entity/Q95968526,@types/eslint-visitor-keys
http://www.wikidata.org/entity/Q95968507,@types/json-schema
http://www.wikidata.org/entity/Q95968856,@types/parse-json
http://www.wikidata.org/entity/Q95969736,@types/reach__router
http://www.wikidata.org/entity/Q95965656,@types/react
http://www.wikidata.org/entity/Q95972789,@types/react-transition-group
http://www.wikidata.org/entity/Q95970564,@types/reflexbox
http://www.wikidata.org/entity/Q95970016,@types/webpack-sources
http://www.wikidata.org/entity/Q95959811,ansi-html
http://www.wikidata.org/entity/Q95961831,array-filter
http://www.wikidata.org/entity/Q95961138,arraybuffer.slice
http://www.wikidata.org/entity/Q95956524,attr-accept
http://www.wikidata.org/entity/Q95959485,babel-plugin-add-module-exports
http://www.wikidata.org/entity/Q95969564,babel-runtime
http://www.wikidata.org/entity/Q95971095,babel-template
http://www.wikidata.org/entity/Q95959973,better-opn
http://www.wikidata.org/entity/Q95959056,bin-check
http://www.wikidata.org/entity/Q95969575,brace-expansion
http://www.wikidata.org/entity/Q95960088,braces
http://www.wikidata.org/entity/Q95959608,bytes
http://www.wikidata.org/entity/Q95960132,cache-manager
http://www.wikidata.org/entity/Q95959881,cacheable-request
http://www.wikidata.org/entity/Q95954143,character-entities-html4
http://www.wikidata.org/entity/Q95965655,cli-truncate
http://www.wikidata.org/entity/Q95954296,color-convert
http://www.wikidata.org/entity/Q95957431,color-string
http://www.wikidata.org/entity/Q95956452,combined-stream
http://www.wikidata.org/entity/Q95960490,connect-history-api-fallback
http://www.wikidata.org/entity/Q95959690,content-type
http://www.wikidata.org/entity/Q95961048,cross-fetch
http://www.wikidata.org/entity/Q95955087,crypto-random-string
http://www.wikidata.org/entity/Q95970036,css-loader
http://www.wikidata.org/entity/Q95957172,css-select-base-adapter
http://www.wikidata.org/entity/Q95969624,cssnano-util-raw-cache
http://www.wikidata.org/entity/Q95961802,cssnano-util-same-parent
http://www.wikidata.org/entity/Q95962871,de-indent
http://www.wikidata.org/entity/Q95957604,deep-extend
http://www.wikidata.org/entity/Q95961040,dns-txt
http://www.wikidata.org/entity/Q95953514,domelementtype
http://www.wikidata.org/entity/Q110609455,mapbox-gl
http://www.wikidata.org/entity/Q110609581,maplibre-gl
http://www.wikidata.org/entity/Q44841959,easejs
http://www.wikidata.org/entity/Q110741155,easeljs
http://www.wikidata.org/entity/Q104623502,mirakurun
http://www.wikidata.org/entity/Q111520056,discord.js
http://www.wikidata.org/entity/Q111536448,remotion
http://www.wikidata.org/entity/Q111606828,lexical
http://www.wikidata.org/entity/Q112255333,citeproc
http://www.wikidata.org/entity/Q112255954,sync-fetch
http://www.wikidata.org/entity/Q112382143,atom-package-manager
http://www.wikidata.org/entity/Q113365550,esbuild
http://www.wikidata.org/entity/Q113471845,gurmukhi-utils
http://www.wikidata.org/entity/Q113511317,comic-mono
http://www.wikidata.org/entity/Q113560316,bloxy
http://www.wikidata.org/entity/Q113574232,noblox.js
http://www.wikidata.org/entity/Q113575539,hyla
http://www.wikidata.org/entity/Q55641291,nuxt
http://www.wikidata.org/entity/Q114496651,ovsx
http://www.wikidata.org/entity/Q114839057,gitbook
http://www.wikidata.org/entity/Q114970348,monaco-editor
http://www.wikidata.org/entity/Q95964096,@babel/plugin-transform-literals
http://www.wikidata.org/entity/Q95972685,@emotion/babel-preset-css-prop
http://www.wikidata.org/entity/Q95970237,@emotion/css
http://www.wikidata.org/entity/Q95964670,@graphql-tools/stitch
http://www.wikidata.org/entity/Q95972790,@jimp/utils
http://www.wikidata.org/entity/Q95969801,@nodelib/fs.walk
http://www.wikidata.org/entity/Q95970112,@reach/auto-id
http://www.wikidata.org/entity/Q95968931,@reach/utils
http://www.wikidata.org/entity/Q95970701,@styled-system/variant
http://www.wikidata.org/entity/Q95970017,@types/glob
http://www.wikidata.org/entity/Q95968926,@types/istanbul-lib-coverage
http://www.wikidata.org/entity/Q95970200,@types/istanbul-lib-report
http://www.wikidata.org/entity/Q95968562,@types/lodash
http://www.wikidata.org/entity/Q95968945,@types/parse5
http://www.wikidata.org/entity/Q95965285,@types/prop-types
http://www.wikidata.org/entity/Q95968506,@types/retry
http://www.wikidata.org/entity/Q95970035,@types/rimraf
http://www.wikidata.org/entity/Q95968574,@types/source-list-map
http://www.wikidata.org/entity/Q95968675,@types/unist
http://www.wikidata.org/entity/Q95961834,acorn-jsx
http://www.wikidata.org/entity/Q95961813,alphanum-sort
http://www.wikidata.org/entity/Q95958540,any-base
http://www.wikidata.org/entity/Q95963674,apollo-link-http-common
http://www.wikidata.org/entity/Q95969601,aria-query
http://www.wikidata.org/entity/Q95960797,array-flatten
http://www.wikidata.org/entity/Q95953534,at-least-node
http://www.wikidata.org/entity/Q95961259,auto-bind
http://www.wikidata.org/entity/Q95959966,axobject-query
http://www.wikidata.org/entity/Q95969533,babel-plugin-styled-components
http://www.wikidata.org/entity/Q95959689,backo2
http://www.wikidata.org/entity/Q95959625,bin-version
http://www.wikidata.org/entity/Q95960997,bmp-js
http://www.wikidata.org/entity/Q95971629,bser
http://www.wikidata.org/entity/Q95968853,callsite
http://www.wikidata.org/entity/Q95954163,camelize
http://www.wikidata.org/entity/Q95972694,cheerio
http://www.wikidata.org/entity/Q95961248,cli-width
http://www.wikidata.org/entity/Q95954200,collapse-white-space
http://www.wikidata.org/entity/Q95954262,color-support
http://www.wikidata.org/entity/Q95959773,common-tags
http://www.wikidata.org/entity/Q95960446,commondir
http://www.wikidata.org/entity/Q95953616,core-js
http://www.wikidata.org/entity/Q95961656,create-react-class
http://www.wikidata.org/entity/Q95957360,css-color-keywords
http://www.wikidata.org/entity/Q95957737,css-to-react-native
http://www.wikidata.org/entity/Q95953521,css-what
http://www.wikidata.org/entity/Q95959779,damerau-levenshtein
http://www.wikidata.org/entity/Q95958633,decode-uri-component
http://www.wikidata.org/entity/Q95971568,deep-equal
http://www.wikidata.org/entity/Q95956019,define-properties
http://www.wikidata.org/entity/Q95960757,depd
http://www.wikidata.org/entity/Q95970548,devcert
http://www.wikidata.org/entity/Q95968520,duplexer
http://www.wikidata.org/entity/Q95953498,entities
http://www.wikidata.org/entity/Q95959614,eol
http://www.wikidata.org/entity/Q95969559,eslint-loader
http://www.wikidata.org/entity/Q95961214,eslint-module-utils
http://www.wikidata.org/entity/Q95960343,eslint-plugin-react-hooks
http://www.wikidata.org/entity/Q95961431,eslint-scope
http://www.wikidata.org/entity/Q95962730,extend-shallow
http://www.wikidata.org/entity/Q95958055,fast-deep-equal
http://www.wikidata.org/entity/Q95971326,fast-glob
http://www.wikidata.org/entity/Q95956015,fast-json-stable-stringify
http://www.wikidata.org/entity/Q95959319,fast-levenshtein
http://www.wikidata.org/entity/Q95972206,fb-watchman
http://www.wikidata.org/entity/Q95961622,fbjs
http://www.wikidata.org/entity/Q95960514,filesize
http://www.wikidata.org/entity/Q95960078,fill-range
http://www.wikidata.org/entity/Q95956061,final-form-arrays
http://www.wikidata.org/entity/Q95955096,forever-agent
http://www.wikidata.org/entity/Q95955673,fsevents
http://www.wikidata.org/entity/Q95960929,functional-red-black-tree
http://www.wikidata.org/entity/Q95960147,gatsby-graphiql-explorer
http://www.wikidata.org/entity/Q95972751,gatsby-plugin-robots-txt
http://www.wikidata.org/entity/Q95971093,gatsby-react-router-scroll
http://www.wikidata.org/entity/Q95972580,gatsby-source-graphql
http://www.wikidata.org/entity/Q95953612,github-slugger
http://www.wikidata.org/entity/Q95971099,glob-parent
http://www.wikidata.org/entity/Q95961184,globals
http://www.wikidata.org/entity/Q95953577,graceful-fs
http://www.wikidata.org/entity/Q95953515,hard-rejection
http://www.wikidata.org/entity/Q95954960,hast-util-parse-selector
http://www.wikidata.org/entity/Q95957286,hoist-non-react-statics
http://www.wikidata.org/entity/Q95962252,html-comment-regex
http://www.wikidata.org/entity/Q95956287,import-fresh
http://www.wikidata.org/entity/Q95961307,import-local
http://www.wikidata.org/entity/Q95956189,inflight
http://www.wikidata.org/entity/Q95969548,ink-spinner
http://www.wikidata.org/entity/Q95961154,ipaddr.js
http://www.wikidata.org/entity/Q95961898,is-blank
http://www.wikidata.org/entity/Q95954116,is-decimal
http://www.wikidata.org/entity/Q95961566,is-map
http://www.wikidata.org/entity/Q95959581,is-path-cwd
http://www.wikidata.org/entity/Q95957332,is-regex
http://www.wikidata.org/entity/Q95961344,is-valid-path
http://www.wikidata.org/entity/Q95956152,isobject
http://www.wikidata.org/entity/Q95958966,isomorphic-fetch
http://www.wikidata.org/entity/Q95940404,jest-runner-tslint
http://www.wikidata.org/entity/Q95955064,jsbn
http://www.wikidata.org/entity/Q95959907,kleur
http://www.wikidata.org/entity/Q95955179,dot-prop
http://www.wikidata.org/entity/Q95955160,ecc-jsbn
http://www.wikidata.org/entity/Q95960279,emojis-list
http://www.wikidata.org/entity/Q95960513,envinfo
http://www.wikidata.org/entity/Q95960848,error-stack-parser
http://www.wikidata.org/entity/Q95970118,eslint-config-react-app
http://www.wikidata.org/entity/Q95961896,express-graphql
http://www.wikidata.org/entity/Q95953678,extend
http://www.wikidata.org/entity/Q95955649,filename-reserved-regex
http://www.wikidata.org/entity/Q95956918,find-up
http://www.wikidata.org/entity/Q95959363,fs-exists-cached
http://www.wikidata.org/entity/Q95957175,fs-minipass
http://www.wikidata.org/entity/Q95955664,fs.realpath
http://www.wikidata.org/entity/Q95954840,function-bind
http://www.wikidata.org/entity/Q95972486,gatsby-interface
http://www.wikidata.org/entity/Q95972691,gatsby-plugin-emotion
http://www.wikidata.org/entity/Q95971104,get-caller-file
http://www.wikidata.org/entity/Q95972220,graphql-tools
http://www.wikidata.org/entity/Q95956821,hast-util-is-element
http://www.wikidata.org/entity/Q95962539,hast-util-to-parse5
http://www.wikidata.org/entity/Q95972785,image-size
http://www.wikidata.org/entity/Q95963068,immutable
http://www.wikidata.org/entity/Q95971603,internal-slot
http://www.wikidata.org/entity/Q95953489,ip-regex
http://www.wikidata.org/entity/Q95953481,is-absolute-url
http://www.wikidata.org/entity/Q95961527,is-boolean-object
http://www.wikidata.org/entity/Q95954126,is-buffer
http://www.wikidata.org/entity/Q95961993,is-color-stop
http://www.wikidata.org/entity/Q95955608,is-date-object
http://www.wikidata.org/entity/Q95959523,is-docker
http://www.wikidata.org/entity/Q95955032,is-fullwidth-code-point
http://www.wikidata.org/entity/Q95961832,is-installed-globally
http://www.wikidata.org/entity/Q95958827,is-ip
http://www.wikidata.org/entity/Q95953557,is-plain-obj
http://www.wikidata.org/entity/Q95962273,is-svg
http://www.wikidata.org/entity/Q95971348,is-typed-array
http://www.wikidata.org/entity/Q95961890,is-whitespace
http://www.wikidata.org/entity/Q95960310,isarray
http://www.wikidata.org/entity/Q95955217,json-stringify-safe
http://www.wikidata.org/entity/Q95953589,kind-of
http://www.wikidata.org/entity/Q95960958,koa-connect
http://www.wikidata.org/entity/Q95954095,lodash.merge
http://www.wikidata.org/entity/Q95955473,material-colors
http://www.wikidata.org/entity/Q95955750,memoize-one
http://www.wikidata.org/entity/Q95954928,merge-stream
http://www.wikidata.org/entity/Q95955003,merge2
http://www.wikidata.org/entity/Q95968645,minipass-collect
http://www.wikidata.org/entity/Q95954145,mkdirp
http://www.wikidata.org/entity/Q95957444,mkdirp-classic
http://www.wikidata.org/entity/Q95960393,num2fraction
http://www.wikidata.org/entity/Q95955097,oauth-sign
http://www.wikidata.org/entity/Q95960539,object-path
http://www.wikidata.org/entity/Q95954159,once
http://www.wikidata.org/entity/Q95955049,onetime
http://www.wikidata.org/entity/Q95971091,opentracing
http://www.wikidata.org/entity/Q95954241,p-locate
http://www.wikidata.org/entity/Q95970379,package-json
http://www.wikidata.org/entity/Q95961760,parse-headers
http://www.wikidata.org/entity/Q95961952,parse-path
http://www.wikidata.org/entity/Q95955558,path-is-absolute
http://www.wikidata.org/entity/Q95955020,path-is-inside
http://www.wikidata.org/entity/Q95953540,path-type
http://www.wikidata.org/entity/Q95955458,picomatch
http://www.wikidata.org/entity/Q95960467,pkg-up
http://www.wikidata.org/entity/Q95969667,postcss-discard-overridden
http://www.wikidata.org/entity/Q95969746,postcss-minify-gradients
http://www.wikidata.org/entity/Q95956181,promise
http://www.wikidata.org/entity/Q95955024,prop-types
http://www.wikidata.org/entity/Q95955420,property-information
http://www.wikidata.org/entity/Q95953666,react-is
http://www.wikidata.org/entity/Q95961740,react-reconciler
http://www.wikidata.org/entity/Q95960750,registry-url
http://www.wikidata.org/entity/Q95964745,regjsparser
http://www.wikidata.org/entity/Q95968512,schema-utils
http://www.wikidata.org/entity/Q95958582,simple-get
http://www.wikidata.org/entity/Q95961889,sockjs-client
http://www.wikidata.org/entity/Q95956098,sort-keys
http://www.wikidata.org/entity/Q95954932,space-separated-tokens
http://www.wikidata.org/entity/Q95960254,stackframe
http://www.wikidata.org/entity/Q95956837,stringify-entities
http://www.wikidata.org/entity/Q95955467,strip-json-comments
http://www.wikidata.org/entity/Q95953483,supports-webp
http://www.wikidata.org/entity/Q95953659,through
http://www.wikidata.org/entity/Q95968612,tiny-warning
http://www.wikidata.org/entity/Q95961096,ts-invariant
http://www.wikidata.org/entity/Q95954184,unist-util-modify-children
http://www.wikidata.org/entity/Q95961462,unixify
http://www.wikidata.org/entity/Q95959325,utif
http://www.wikidata.org/entity/Q95969645,valid-url
http://www.wikidata.org/entity/Q95970402,vfile
http://www.wikidata.org/entity/Q95963018,vue-template-compiler
http://www.wikidata.org/entity/Q95961613,which-boxed-primitive
http://www.wikidata.org/entity/Q95960314,which-module
http://www.wikidata.org/entity/Q95968712,write-file-atomic
http://www.wikidata.org/entity/Q95968895,xregexp
http://www.wikidata.org/entity/Q95961877,yaeti
http://www.wikidata.org/entity/Q101001102,nunjucks
http://www.wikidata.org/entity/Q95956215,pump
http://www.wikidata.org/entity/Q95957456,asn1
http://www.wikidata.org/entity/Q3486953,lightbox2
http://www.wikidata.org/entity/Q95960816,loader-utils
http://www.wikidata.org/entity/Q95960643,lodash-es
http://www.wikidata.org/entity/Q95955574,lodash.clonedeep
http://www.wikidata.org/entity/Q95959692,lodash.flatten
http://www.wikidata.org/entity/Q95965296,log-update
http://www.wikidata.org/entity/Q95961657,loud-rejection
http://www.wikidata.org/entity/Q95955459,lowercase-keys
http://www.wikidata.org/entity/Q95956126,mdast-squeeze-paragraphs
http://www.wikidata.org/entity/Q95970631,mdast-util-compact
http://www.wikidata.org/entity/Q95954218,mdurl
http://www.wikidata.org/entity/Q95953608,min-indent
http://www.wikidata.org/entity/Q95968831,mini-css-extract-plugin
http://www.wikidata.org/entity/Q95953539,minimist
http://www.wikidata.org/entity/Q95968897,minipass-pipeline
http://www.wikidata.org/entity/Q95953302,modern-normalize
http://www.wikidata.org/entity/Q95961108,multicast-dns-service-types
http://www.wikidata.org/entity/Q95969545,native-url
http://www.wikidata.org/entity/Q95961516,node-gyp-build
http://www.wikidata.org/entity/Q95960532,node-releases
http://www.wikidata.org/entity/Q95962178,nullthrows
http://www.wikidata.org/entity/Q95968502,object-component
http://www.wikidata.org/entity/Q95971290,object.fromentries
http://www.wikidata.org/entity/Q95961110,obuf
http://www.wikidata.org/entity/Q95959533,p-some
http://www.wikidata.org/entity/Q95955661,parse-json
http://www.wikidata.org/entity/Q95969566,parseqs
http://www.wikidata.org/entity/Q95960906,path-starts-with
http://www.wikidata.org/entity/Q95960850,portfinder
http://www.wikidata.org/entity/Q95970070,postcss-merge-longhand
http://www.wikidata.org/entity/Q95969556,postcss-modules-scope
http://www.wikidata.org/entity/Q95969705,postcss-normalize-charset
http://www.wikidata.org/entity/Q95969646,postcss-normalize-unicode
http://www.wikidata.org/entity/Q95972734,prebuild-install
http://www.wikidata.org/entity/Q95956437,qs
http://www.wikidata.org/entity/Q95960947,querystringify
http://www.wikidata.org/entity/Q95954269,react-dismissible
http://www.wikidata.org/entity/Q95970363,react-focus-lock
http://www.wikidata.org/entity/Q95959883,react-lifecycles-compat
http://www.wikidata.org/entity/Q95959530,react-onclickoutside
http://www.wikidata.org/entity/Q95953475,react-schemaorg
http://www.wikidata.org/entity/Q95955863,reactcss
http://www.wikidata.org/entity/Q95957005,read-chunk
http://www.wikidata.org/entity/Q95968870,read-pkg
http://www.wikidata.org/entity/Q95958215,readable-stream
http://www.wikidata.org/entity/Q95969912,recursive-readdir
http://www.wikidata.org/entity/Q95953646,redent
http://www.wikidata.org/entity/Q95971365,regenerate-unicode-properties
http://www.wikidata.org/entity/Q95971310,regexp.prototype.flags
http://www.wikidata.org/entity/Q95971373,regexpu-core
http://www.wikidata.org/entity/Q95964721,regjsgen
http://www.wikidata.org/entity/Q95963741,relay-runtime
http://www.wikidata.org/entity/Q95956572,remark-retext
http://www.wikidata.org/entity/Q95956302,remark-squeeze-paragraphs
http://www.wikidata.org/entity/Q95954100,replace-ext
http://www.wikidata.org/entity/Q95957303,resolve
http://www.wikidata.org/entity/Q95956339,resolve-alpn
http://www.wikidata.org/entity/Q95960498,resolve-cwd
http://www.wikidata.org/entity/Q95972637,retext-smartypants
http://www.wikidata.org/entity/Q95972662,retext-stringify
http://www.wikidata.org/entity/Q95957893,reusify
http://www.wikidata.org/entity/Q95957828,scheduler
http://www.wikidata.org/entity/Q95955588,setimmediate
http://www.wikidata.org/entity/Q95955618,shebang-command
http://www.wikidata.org/entity/Q95961778,single-trailing-newline
http://www.wikidata.org/entity/Q95959910,sisteransi
http://www.wikidata.org/entity/Q95956230,sort-keys-length
http://www.wikidata.org/entity/Q95921207,starstuff-components
http://www.wikidata.org/entity/Q95960283,string-natural-compare
http://www.wikidata.org/entity/Q95971606,string.prototype.matchall
http://www.wikidata.org/entity/Q95955733,strip-outer
http://www.wikidata.org/entity/Q95955846,supports-color
http://www.wikidata.org/entity/Q95962723,supports-hyperlinks
http://www.wikidata.org/entity/Q95954998,temp-dir
http://www.wikidata.org/entity/Q95957544,tempfile
http://www.wikidata.org/entity/Q95962743,terminal-link
http://www.wikidata.org/entity/Q95972795,tinycolor2
http://www.wikidata.org/entity/Q95960353,to-fast-properties
http://www.wikidata.org/entity/Q95956692,to-regex-range
http://www.wikidata.org/entity/Q95954221,typedarray
http://www.wikidata.org/entity/Q95956064,ua-parser-js
http://www.wikidata.org/entity/Q95959647,unc-path-regex
http://www.wikidata.org/entity/Q95964947,unicode-canonical-property-names-ecmascript
http://www.wikidata.org/entity/Q95964961,unicode-match-property-ecmascript
http://www.wikidata.org/entity/Q95963060,unicode-match-property-value-ecmascript
http://www.wikidata.org/entity/Q95961811,uniqs
http://www.wikidata.org/entity/Q95956010,unist-util-remove
http://www.wikidata.org/entity/Q95970614,unist-util-remove-position
http://www.wikidata.org/entity/Q95972680,unist-util-select
http://www.wikidata.org/entity/Q95970199,use-callback-ref
http://www.wikidata.org/entity/Q95957623,validate-npm-package-license
http://www.wikidata.org/entity/Q95955008,vary
http://www.wikidata.org/entity/Q95961814,vendors
http://www.wikidata.org/entity/Q95954151,vfile-location
http://www.wikidata.org/entity/Q95960765,webpack-sources
http://www.wikidata.org/entity/Q95961821,websocket-driver
http://www.wikidata.org/entity/Q95961203,yaml-loader
http://www.wikidata.org/entity/Q96255221,antd
http://www.wikidata.org/entity/Q105346679,fastjson
http://www.wikidata.org/entity/Q1277441,@qooxdoo/framework
http://www.wikidata.org/entity/Q17590603,material-components-web
http://www.wikidata.org/entity/Q95961888,xhr
http://www.wikidata.org/entity/Q58043341,rdflib
http://www.wikidata.org/entity/Q24033787,lodash
http://www.wikidata.org/entity/Q95960094,graphql
http://www.wikidata.org/entity/Q95968496,postcss
http://www.wikidata.org/entity/Q893195,bootstrap
http://www.wikidata.org/entity/Q55604651,@babel/cli
http://www.wikidata.org/entity/Q55604651,@babel/code-frame
http://www.wikidata.org/entity/Q55604651,@babel/core
http://www.wikidata.org/entity/Q55604651,@babel/generator
http://www.wikidata.org/entity/Q55604651,@babel/helpers
http://www.wikidata.org/entity/Q55604651,@babel/parser
http://www.wikidata.org/entity/Q55604651,@babel/polyfill
http://www.wikidata.org/entity/Q55604651,@babel/preset-env
http://www.wikidata.org/entity/Q55604651,@babel/preset-flow
http://www.wikidata.org/entity/Q55604651,@babel/preset-react
http://www.wikidata.org/entity/Q55604651,@babel/preset-typescript
http://www.wikidata.org/entity/Q55604651,@babel/runtime
http://www.wikidata.org/entity/Q55604651,@babel/runtime-corejs2
http://www.wikidata.org/entity/Q55604651,@babel/template
http://www.wikidata.org/entity/Q55604651,@babel/traverse
http://www.wikidata.org/entity/Q55604651,@babel/types
http://www.wikidata.org/entity/Q57203657,netlify-cms
http://www.wikidata.org/entity/Q59165018,jsrender
http://www.wikidata.org/entity/Q59165018,jsviews
http://www.wikidata.org/entity/Q18346290,mocha
http://www.wikidata.org/entity/Q95953679,bail
http://www.wikidata.org/entity/Q95961884,@babel/helper-function-name
http://www.wikidata.org/entity/Q95961748,@babel/helper-replace-supers
http://www.wikidata.org/entity/Q95969588,@babel/plugin-proposal-optional-chaining
http://www.wikidata.org/entity/Q95968581,@babel/plugin-syntax-nullish-coalescing-operator
http://www.wikidata.org/entity/Q95962008,@babel/standalone
http://www.wikidata.org/entity/Q95970269,@emotion/styled
http://www.wikidata.org/entity/Q95972421,@graphql-toolkit/graphql-file-loader
http://www.wikidata.org/entity/Q95972422,@graphql-toolkit/json-file-loader
http://www.wikidata.org/entity/Q95964388,@graphql-tools/github-loader
http://www.wikidata.org/entity/Q95964368,@graphql-tools/links
http://www.wikidata.org/entity/Q95971874,@graphql-tools/url-loader
http://www.wikidata.org/entity/Q95964219,@graphql-tools/wrap
http://www.wikidata.org/entity/Q95957451,@hapi/address
http://www.wikidata.org/entity/Q95971592,@mdx-js/mdx
http://www.wikidata.org/entity/Q95961071,@mdx-js/react
http://www.wikidata.org/entity/Q95955108,@mdx-js/util
http://www.wikidata.org/entity/Q95971614,@reach/dialog
http://www.wikidata.org/entity/Q95970052,@reach/observe-rect
http://www.wikidata.org/entity/Q95970072,@reach/rect
http://www.wikidata.org/entity/Q95970325,@reach/tabs
http://www.wikidata.org/entity/Q95956080,@sindresorhus/is
http://www.wikidata.org/entity/Q95970880,@styled-system/background
http://www.wikidata.org/entity/Q95970723,@styled-system/layout
http://www.wikidata.org/entity/Q95970711,@styled-system/shadow
http://www.wikidata.org/entity/Q95971374,@theme-ui/theme-provider
http://www.wikidata.org/entity/Q95972646,@tinacms/git-client
http://www.wikidata.org/entity/Q95953680,@tinacms/media
http://www.wikidata.org/entity/Q95972674,@tinacms/react-sidebar
http://www.wikidata.org/entity/Q95970201,@types/istanbul-reports
http://www.wikidata.org/entity/Q95972699,@types/js-yaml
http://www.wikidata.org/entity/Q95968857,@types/normalize-package-data
http://www.wikidata.org/entity/Q95972631,@types/react-helmet
http://www.wikidata.org/entity/Q95969894,@types/responselike
http://www.wikidata.org/entity/Q95968686,@types/tapable
http://www.wikidata.org/entity/Q95965270,@types/yoga-layout
http://www.wikidata.org/entity/Q95971404,@typescript-eslint/eslint-plugin
http://www.wikidata.org/entity/Q95955061,ansi-regex
http://www.wikidata.org/entity/Q95962951,apollo-utilities
http://www.wikidata.org/entity/Q95959613,application-config-path
http://www.wikidata.org/entity/Q95954097,asynckit
http://www.wikidata.org/entity/Q95955424,aws4
http://www.wikidata.org/entity/Q95969874,babel-plugin-emotion
http://www.wikidata.org/entity/Q95970270,babel-plugin-syntax-trailing-function-commas
http://www.wikidata.org/entity/Q95957536,balanced-match
http://www.wikidata.org/entity/Q95968858,better-assert
http://www.wikidata.org/entity/Q95963098,blob
http://www.wikidata.org/entity/Q95971644,bonjour
http://www.wikidata.org/entity/Q95956046,cacheable-lookup
http://www.wikidata.org/entity/Q95953672,callsites
http://www.wikidata.org/entity/Q95961843,caniuse-api
http://www.wikidata.org/entity/Q95954109,ccount
http://www.wikidata.org/entity/Q95971113,chokidar
http://www.wikidata.org/entity/Q95954188,color-name
http://www.wikidata.org/entity/Q95954868,comma-separated-tokens
http://www.wikidata.org/entity/Q95959706,component-bind
http://www.wikidata.org/entity/Q95954290,console-control-strings
http://www.wikidata.org/entity/Q95958481,css-tree
http://www.wikidata.org/entity/Q95953585,decamelize-keys
http://www.wikidata.org/entity/Q95953480,deep-map
http://www.wikidata.org/entity/Q95961766,detect-newline
http://www.wikidata.org/entity/Q95961325,detect-port-alt
http://www.wikidata.org/entity/Q95961317,dom-converter
http://www.wikidata.org/entity/Q95960458,electron-to-chromium
http://www.wikidata.org/entity/Q95971308,es-get-iterator
http://www.wikidata.org/entity/Q95957791,es-to-primitive
http://www.wikidata.org/entity/Q95959545,exif-parser
http://www.wikidata.org/entity/Q95956250,ext-list
http://www.wikidata.org/entity/Q95970553,external-editor
http://www.wikidata.org/entity/Q95954922,extsprintf
http://www.wikidata.org/entity/Q95955481,fbjs-css-vars
http://www.wikidata.org/entity/Q95954952,figures
http://www.wikidata.org/entity/Q95957610,filenamify
http://www.wikidata.org/entity/Q95961603,form-data
